stem,non_J_elements_and_relations_source_transcription,contains_source_question_mark,status,source,source_url,transcription_note
38,β1,no,classical published computation; source marks unresolved/uncertain entries where ? occurs,"Ravenel 2026, Table A3.3 (5-primary stable homotopy excluding im J)",https://www.sas.rochester.edu/mth/sites/doug-ravenel/mybooks/ravenel.pdf,Subscripts/superscripts can flatten in plain text (for example beta_1^2); use the source PDF for typography.
45,α1 β1,no,classical published computation; source marks unresolved/uncertain entries where ? occurs,"Ravenel 2026, Table A3.3 (5-primary stable homotopy excluding im J)",https://www.sas.rochester.edu/mth/sites/doug-ravenel/mybooks/ravenel.pdf,Subscripts/superscripts can flatten in plain text (for example beta_1^2); use the source PDF for typography.
76,β12,no,classical published computation; source marks unresolved/uncertain entries where ? occurs,"Ravenel 2026, Table A3.3 (5-primary stable homotopy excluding im J)",https://www.sas.rochester.edu/mth/sites/doug-ravenel/mybooks/ravenel.pdf,Subscripts/superscripts can flatten in plain text (for example beta_1^2); use the source PDF for typography.
83,α1 β12,no,classical published computation; source marks unresolved/uncertain entries where ? occurs,"Ravenel 2026, Table A3.3 (5-primary stable homotopy excluding im J)",https://www.sas.rochester.edu/mth/sites/doug-ravenel/mybooks/ravenel.pdf,Subscripts/superscripts can flatten in plain text (for example beta_1^2); use the source PDF for typography.
86,β2,no,classical published computation; source marks unresolved/uncertain entries where ? occurs,"Ravenel 2026, Table A3.3 (5-primary stable homotopy excluding im J)",https://www.sas.rochester.edu/mth/sites/doug-ravenel/mybooks/ravenel.pdf,Subscripts/superscripts can flatten in plain text (for example beta_1^2); use the source PDF for typography.
93,α1 β2,no,classical published computation; source marks unresolved/uncertain entries where ? occurs,"Ravenel 2026, Table A3.3 (5-primary stable homotopy excluding im J)",https://www.sas.rochester.edu/mth/sites/doug-ravenel/mybooks/ravenel.pdf,Subscripts/superscripts can flatten in plain text (for example beta_1^2); use the source PDF for typography.
114,β13,no,classical published computation; source marks unresolved/uncertain entries where ? occurs,"Ravenel 2026, Table A3.3 (5-primary stable homotopy excluding im J)",https://www.sas.rochester.edu/mth/sites/doug-ravenel/mybooks/ravenel.pdf,Subscripts/superscripts can flatten in plain text (for example beta_1^2); use the source PDF for typography.
121,α1 β13,no,classical published computation; source marks unresolved/uncertain entries where ? occurs,"Ravenel 2026, Table A3.3 (5-primary stable homotopy excluding im J)",https://www.sas.rochester.edu/mth/sites/doug-ravenel/mybooks/ravenel.pdf,Subscripts/superscripts can flatten in plain text (for example beta_1^2); use the source PDF for typography.
124,β1 β2,no,classical published computation; source marks unresolved/uncertain entries where ? occurs,"Ravenel 2026, Table A3.3 (5-primary stable homotopy excluding im J)",https://www.sas.rochester.edu/mth/sites/doug-ravenel/mybooks/ravenel.pdf,Subscripts/superscripts can flatten in plain text (for example beta_1^2); use the source PDF for typography.
131,α1 β1 β2,no,classical published computation; source marks unresolved/uncertain entries where ? occurs,"Ravenel 2026, Table A3.3 (5-primary stable homotopy excluding im J)",https://www.sas.rochester.edu/mth/sites/doug-ravenel/mybooks/ravenel.pdf,Subscripts/superscripts can flatten in plain text (for example beta_1^2); use the source PDF for typography.
134,β3,no,classical published computation; source marks unresolved/uncertain entries where ? occurs,"Ravenel 2026, Table A3.3 (5-primary stable homotopy excluding im J)",https://www.sas.rochester.edu/mth/sites/doug-ravenel/mybooks/ravenel.pdf,Subscripts/superscripts can flatten in plain text (for example beta_1^2); use the source PDF for typography.
141,α1 β3,no,classical published computation; source marks unresolved/uncertain entries where ? occurs,"Ravenel 2026, Table A3.3 (5-primary stable homotopy excluding im J)",https://www.sas.rochester.edu/mth/sites/doug-ravenel/mybooks/ravenel.pdf,Subscripts/superscripts can flatten in plain text (for example beta_1^2); use the source PDF for typography.
152,β14,no,classical published computation; source marks unresolved/uncertain entries where ? occurs,"Ravenel 2026, Table A3.3 (5-primary stable homotopy excluding im J)",https://www.sas.rochester.edu/mth/sites/doug-ravenel/mybooks/ravenel.pdf,Subscripts/superscripts can flatten in plain text (for example beta_1^2); use the source PDF for typography.
159,α1 β14,no,classical published computation; source marks unresolved/uncertain entries where ? occurs,"Ravenel 2026, Table A3.3 (5-primary stable homotopy excluding im J)",https://www.sas.rochester.edu/mth/sites/doug-ravenel/mybooks/ravenel.pdf,Subscripts/superscripts can flatten in plain text (for example beta_1^2); use the source PDF for typography.
162,β12 β2,no,classical published computation; source marks unresolved/uncertain entries where ? occurs,"Ravenel 2026, Table A3.3 (5-primary stable homotopy excluding im J)",https://www.sas.rochester.edu/mth/sites/doug-ravenel/mybooks/ravenel.pdf,Subscripts/superscripts can flatten in plain text (for example beta_1^2); use the source PDF for typography.
169,α1 β12 β2,no,classical published computation; source marks unresolved/uncertain entries where ? occurs,"Ravenel 2026, Table A3.3 (5-primary stable homotopy excluding im J)",https://www.sas.rochester.edu/mth/sites/doug-ravenel/mybooks/ravenel.pdf,Subscripts/superscripts can flatten in plain text (for example beta_1^2); use the source PDF for typography.
172,β1 β3,no,classical published computation; source marks unresolved/uncertain entries where ? occurs,"Ravenel 2026, Table A3.3 (5-primary stable homotopy excluding im J)",https://www.sas.rochester.edu/mth/sites/doug-ravenel/mybooks/ravenel.pdf,Subscripts/superscripts can flatten in plain text (for example beta_1^2); use the source PDF for typography.
179,α1 β1 β3,no,classical published computation; source marks unresolved/uncertain entries where ? occurs,"Ravenel 2026, Table A3.3 (5-primary stable homotopy excluding im J)",https://www.sas.rochester.edu/mth/sites/doug-ravenel/mybooks/ravenel.pdf,Subscripts/superscripts can flatten in plain text (for example beta_1^2); use the source PDF for typography.
182,β4,no,classical published computation; source marks unresolved/uncertain entries where ? occurs,"Ravenel 2026, Table A3.3 (5-primary stable homotopy excluding im J)",https://www.sas.rochester.edu/mth/sites/doug-ravenel/mybooks/ravenel.pdf,Subscripts/superscripts can flatten in plain text (for example beta_1^2); use the source PDF for typography.
189,α1 β4,no,classical published computation; source marks unresolved/uncertain entries where ? occurs,"Ravenel 2026, Table A3.3 (5-primary stable homotopy excluding im J)",https://www.sas.rochester.edu/mth/sites/doug-ravenel/mybooks/ravenel.pdf,Subscripts/superscripts can flatten in plain text (for example beta_1^2); use the source PDF for typography.
190,β15,no,classical published computation; source marks unresolved/uncertain entries where ? occurs,"Ravenel 2026, Table A3.3 (5-primary stable homotopy excluding im J)",https://www.sas.rochester.edu/mth/sites/doug-ravenel/mybooks/ravenel.pdf,Subscripts/superscripts can flatten in plain text (for example beta_1^2); use the source PDF for typography.
200,β13 β2,no,classical published computation; source marks unresolved/uncertain entries where ? occurs,"Ravenel 2026, Table A3.3 (5-primary stable homotopy excluding im J)",https://www.sas.rochester.edu/mth/sites/doug-ravenel/mybooks/ravenel.pdf,Subscripts/superscripts can flatten in plain text (for example beta_1^2); use the source PDF for typography.
205,2β15,no,classical published computation; source marks unresolved/uncertain entries where ? occurs,"Ravenel 2026, Table A3.3 (5-primary stable homotopy excluding im J)",https://www.sas.rochester.edu/mth/sites/doug-ravenel/mybooks/ravenel.pdf,Subscripts/superscripts can flatten in plain text (for example beta_1^2); use the source PDF for typography.
206,β5/4,no,classical published computation; source marks unresolved/uncertain entries where ? occurs,"Ravenel 2026, Table A3.3 (5-primary stable homotopy excluding im J)",https://www.sas.rochester.edu/mth/sites/doug-ravenel/mybooks/ravenel.pdf,Subscripts/superscripts can flatten in plain text (for example beta_1^2); use the source PDF for typography.
207,α1 β13 β2,no,classical published computation; source marks unresolved/uncertain entries where ? occurs,"Ravenel 2026, Table A3.3 (5-primary stable homotopy excluding im J)",https://www.sas.rochester.edu/mth/sites/doug-ravenel/mybooks/ravenel.pdf,Subscripts/superscripts can flatten in plain text (for example beta_1^2); use the source PDF for typography.
210,β12 β3,no,classical published computation; source marks unresolved/uncertain entries where ? occurs,"Ravenel 2026, Table A3.3 (5-primary stable homotopy excluding im J)",https://www.sas.rochester.edu/mth/sites/doug-ravenel/mybooks/ravenel.pdf,Subscripts/superscripts can flatten in plain text (for example beta_1^2); use the source PDF for typography.
213,α1 β5/4,no,classical published computation; source marks unresolved/uncertain entries where ? occurs,"Ravenel 2026, Table A3.3 (5-primary stable homotopy excluding im J)",https://www.sas.rochester.edu/mth/sites/doug-ravenel/mybooks/ravenel.pdf,Subscripts/superscripts can flatten in plain text (for example beta_1^2); use the source PDF for typography.
214,β5/3,no,classical published computation; source marks unresolved/uncertain entries where ? occurs,"Ravenel 2026, Table A3.3 (5-primary stable homotopy excluding im J)",https://www.sas.rochester.edu/mth/sites/doug-ravenel/mybooks/ravenel.pdf,Subscripts/superscripts can flatten in plain text (for example beta_1^2); use the source PDF for typography.
217,α1 β12 β3,no,classical published computation; source marks unresolved/uncertain entries where ? occurs,"Ravenel 2026, Table A3.3 (5-primary stable homotopy excluding im J)",https://www.sas.rochester.edu/mth/sites/doug-ravenel/mybooks/ravenel.pdf,Subscripts/superscripts can flatten in plain text (for example beta_1^2); use the source PDF for typography.
220,β1 β4 = γ1,no,classical published computation; source marks unresolved/uncertain entries where ? occurs,"Ravenel 2026, Table A3.3 (5-primary stable homotopy excluding im J)",https://www.sas.rochester.edu/mth/sites/doug-ravenel/mybooks/ravenel.pdf,Subscripts/superscripts can flatten in plain text (for example beta_1^2); use the source PDF for typography.
221,α1 β5/3,no,classical published computation; source marks unresolved/uncertain entries where ? occurs,"Ravenel 2026, Table A3.3 (5-primary stable homotopy excluding im J)",https://www.sas.rochester.edu/mth/sites/doug-ravenel/mybooks/ravenel.pdf,Subscripts/superscripts can flatten in plain text (for example beta_1^2); use the source PDF for typography.
222,β5/2,no,classical published computation; source marks unresolved/uncertain entries where ? occurs,"Ravenel 2026, Table A3.3 (5-primary stable homotopy excluding im J)",https://www.sas.rochester.edu/mth/sites/doug-ravenel/mybooks/ravenel.pdf,Subscripts/superscripts can flatten in plain text (for example beta_1^2); use the source PDF for typography.
227,α1 β1 β4,no,classical published computation; source marks unresolved/uncertain entries where ? occurs,"Ravenel 2026, Table A3.3 (5-primary stable homotopy excluding im J)",https://www.sas.rochester.edu/mth/sites/doug-ravenel/mybooks/ravenel.pdf,Subscripts/superscripts can flatten in plain text (for example beta_1^2); use the source PDF for typography.
228,β16,no,classical published computation; source marks unresolved/uncertain entries where ? occurs,"Ravenel 2026, Table A3.3 (5-primary stable homotopy excluding im J)",https://www.sas.rochester.edu/mth/sites/doug-ravenel/mybooks/ravenel.pdf,Subscripts/superscripts can flatten in plain text (for example beta_1^2); use the source PDF for typography.
230,β5,no,classical published computation; source marks unresolved/uncertain entries where ? occurs,"Ravenel 2026, Table A3.3 (5-primary stable homotopy excluding im J)",https://www.sas.rochester.edu/mth/sites/doug-ravenel/mybooks/ravenel.pdf,Subscripts/superscripts can flatten in plain text (for example beta_1^2); use the source PDF for typography.
237,2β5/2 ; α1 β5 = 5(2β5/2 ),no,classical published computation; source marks unresolved/uncertain entries where ? occurs,"Ravenel 2026, Table A3.3 (5-primary stable homotopy excluding im J)",https://www.sas.rochester.edu/mth/sites/doug-ravenel/mybooks/ravenel.pdf,Subscripts/superscripts can flatten in plain text (for example beta_1^2); use the source PDF for typography.
238,β14 β2,no,classical published computation; source marks unresolved/uncertain entries where ? occurs,"Ravenel 2026, Table A3.3 (5-primary stable homotopy excluding im J)",https://www.sas.rochester.edu/mth/sites/doug-ravenel/mybooks/ravenel.pdf,Subscripts/superscripts can flatten in plain text (for example beta_1^2); use the source PDF for typography.
243,2β16,no,classical published computation; source marks unresolved/uncertain entries where ? occurs,"Ravenel 2026, Table A3.3 (5-primary stable homotopy excluding im J)",https://www.sas.rochester.edu/mth/sites/doug-ravenel/mybooks/ravenel.pdf,Subscripts/superscripts can flatten in plain text (for example beta_1^2); use the source PDF for typography.
245,α1 β14 β2,no,classical published computation; source marks unresolved/uncertain entries where ? occurs,"Ravenel 2026, Table A3.3 (5-primary stable homotopy excluding im J)",https://www.sas.rochester.edu/mth/sites/doug-ravenel/mybooks/ravenel.pdf,Subscripts/superscripts can flatten in plain text (for example beta_1^2); use the source PDF for typography.
248,β13 β3,no,classical published computation; source marks unresolved/uncertain entries where ? occurs,"Ravenel 2026, Table A3.3 (5-primary stable homotopy excluding im J)",https://www.sas.rochester.edu/mth/sites/doug-ravenel/mybooks/ravenel.pdf,Subscripts/superscripts can flatten in plain text (for example beta_1^2); use the source PDF for typography.
255,α1 β13 β3,no,classical published computation; source marks unresolved/uncertain entries where ? occurs,"Ravenel 2026, Table A3.3 (5-primary stable homotopy excluding im J)",https://www.sas.rochester.edu/mth/sites/doug-ravenel/mybooks/ravenel.pdf,Subscripts/superscripts can flatten in plain text (for example beta_1^2); use the source PDF for typography.
258,β12 β4,no,classical published computation; source marks unresolved/uncertain entries where ? occurs,"Ravenel 2026, Table A3.3 (5-primary stable homotopy excluding im J)",https://www.sas.rochester.edu/mth/sites/doug-ravenel/mybooks/ravenel.pdf,Subscripts/superscripts can flatten in plain text (for example beta_1^2); use the source PDF for typography.
265,α1 β12 β4,no,classical published computation; source marks unresolved/uncertain entries where ? occurs,"Ravenel 2026, Table A3.3 (5-primary stable homotopy excluding im J)",https://www.sas.rochester.edu/mth/sites/doug-ravenel/mybooks/ravenel.pdf,Subscripts/superscripts can flatten in plain text (for example beta_1^2); use the source PDF for typography.
266,β17,no,classical published computation; source marks unresolved/uncertain entries where ? occurs,"Ravenel 2026, Table A3.3 (5-primary stable homotopy excluding im J)",https://www.sas.rochester.edu/mth/sites/doug-ravenel/mybooks/ravenel.pdf,Subscripts/superscripts can flatten in plain text (for example beta_1^2); use the source PDF for typography.
268,β2 β4,no,classical published computation; source marks unresolved/uncertain entries where ? occurs,"Ravenel 2026, Table A3.3 (5-primary stable homotopy excluding im J)",https://www.sas.rochester.edu/mth/sites/doug-ravenel/mybooks/ravenel.pdf,Subscripts/superscripts can flatten in plain text (for example beta_1^2); use the source PDF for typography.
278,β6,no,classical published computation; source marks unresolved/uncertain entries where ? occurs,"Ravenel 2026, Table A3.3 (5-primary stable homotopy excluding im J)",https://www.sas.rochester.edu/mth/sites/doug-ravenel/mybooks/ravenel.pdf,Subscripts/superscripts can flatten in plain text (for example beta_1^2); use the source PDF for typography.
281,2β17,no,classical published computation; source marks unresolved/uncertain entries where ? occurs,"Ravenel 2026, Table A3.3 (5-primary stable homotopy excluding im J)",https://www.sas.rochester.edu/mth/sites/doug-ravenel/mybooks/ravenel.pdf,Subscripts/superscripts can flatten in plain text (for example beta_1^2); use the source PDF for typography.
285,α1 β6,no,classical published computation; source marks unresolved/uncertain entries where ? occurs,"Ravenel 2026, Table A3.3 (5-primary stable homotopy excluding im J)",https://www.sas.rochester.edu/mth/sites/doug-ravenel/mybooks/ravenel.pdf,Subscripts/superscripts can flatten in plain text (for example beta_1^2); use the source PDF for typography.
286,β14 β3,no,classical published computation; source marks unresolved/uncertain entries where ? occurs,"Ravenel 2026, Table A3.3 (5-primary stable homotopy excluding im J)",https://www.sas.rochester.edu/mth/sites/doug-ravenel/mybooks/ravenel.pdf,Subscripts/superscripts can flatten in plain text (for example beta_1^2); use the source PDF for typography.
293,α1 β14 β3,no,classical published computation; source marks unresolved/uncertain entries where ? occurs,"Ravenel 2026, Table A3.3 (5-primary stable homotopy excluding im J)",https://www.sas.rochester.edu/mth/sites/doug-ravenel/mybooks/ravenel.pdf,Subscripts/superscripts can flatten in plain text (for example beta_1^2); use the source PDF for typography.
296,β13 β4,no,classical published computation; source marks unresolved/uncertain entries where ? occurs,"Ravenel 2026, Table A3.3 (5-primary stable homotopy excluding im J)",https://www.sas.rochester.edu/mth/sites/doug-ravenel/mybooks/ravenel.pdf,Subscripts/superscripts can flatten in plain text (for example beta_1^2); use the source PDF for typography.
303,α1 β13 β4,no,classical published computation; source marks unresolved/uncertain entries where ? occurs,"Ravenel 2026, Table A3.3 (5-primary stable homotopy excluding im J)",https://www.sas.rochester.edu/mth/sites/doug-ravenel/mybooks/ravenel.pdf,Subscripts/superscripts can flatten in plain text (for example beta_1^2); use the source PDF for typography.
304,β18,no,classical published computation; source marks unresolved/uncertain entries where ? occurs,"Ravenel 2026, Table A3.3 (5-primary stable homotopy excluding im J)",https://www.sas.rochester.edu/mth/sites/doug-ravenel/mybooks/ravenel.pdf,Subscripts/superscripts can flatten in plain text (for example beta_1^2); use the source PDF for typography.
306,β1 β2 β4,no,classical published computation; source marks unresolved/uncertain entries where ? occurs,"Ravenel 2026, Table A3.3 (5-primary stable homotopy excluding im J)",https://www.sas.rochester.edu/mth/sites/doug-ravenel/mybooks/ravenel.pdf,Subscripts/superscripts can flatten in plain text (for example beta_1^2); use the source PDF for typography.
313,α1 β1 β2 β4 ; ed),no,classical published computation; source marks unresolved/uncertain entries where ? occurs,"Ravenel 2026, Table A3.3 (5-primary stable homotopy excluding im J)",https://www.sas.rochester.edu/mth/sites/doug-ravenel/mybooks/ravenel.pdf,Subscripts/superscripts can flatten in plain text (for example beta_1^2); use the source PDF for typography.
316,β1 β6,no,classical published computation; source marks unresolved/uncertain entries where ? occurs,"Ravenel 2026, Table A3.3 (5-primary stable homotopy excluding im J)",https://www.sas.rochester.edu/mth/sites/doug-ravenel/mybooks/ravenel.pdf,Subscripts/superscripts can flatten in plain text (for example beta_1^2); use the source PDF for typography.
319,2β18,no,classical published computation; source marks unresolved/uncertain entries where ? occurs,"Ravenel 2026, Table A3.3 (5-primary stable homotopy excluding im J)",https://www.sas.rochester.edu/mth/sites/doug-ravenel/mybooks/ravenel.pdf,Subscripts/superscripts can flatten in plain text (for example beta_1^2); use the source PDF for typography.
326,β7,no,classical published computation; source marks unresolved/uncertain entries where ? occurs,"Ravenel 2026, Table A3.3 (5-primary stable homotopy excluding im J)",https://www.sas.rochester.edu/mth/sites/doug-ravenel/mybooks/ravenel.pdf,Subscripts/superscripts can flatten in plain text (for example beta_1^2); use the source PDF for typography.
331,2β1 β6,no,classical published computation; source marks unresolved/uncertain entries where ? occurs,"Ravenel 2026, Table A3.3 (5-primary stable homotopy excluding im J)",https://www.sas.rochester.edu/mth/sites/doug-ravenel/mybooks/ravenel.pdf,Subscripts/superscripts can flatten in plain text (for example beta_1^2); use the source PDF for typography.
333,α1 β7,no,classical published computation; source marks unresolved/uncertain entries where ? occurs,"Ravenel 2026, Table A3.3 (5-primary stable homotopy excluding im J)",https://www.sas.rochester.edu/mth/sites/doug-ravenel/mybooks/ravenel.pdf,Subscripts/superscripts can flatten in plain text (for example beta_1^2); use the source PDF for typography.
334,β14 β4,no,classical published computation; source marks unresolved/uncertain entries where ? occurs,"Ravenel 2026, Table A3.3 (5-primary stable homotopy excluding im J)",https://www.sas.rochester.edu/mth/sites/doug-ravenel/mybooks/ravenel.pdf,Subscripts/superscripts can flatten in plain text (for example beta_1^2); use the source PDF for typography.
341,α1 β14 β4,no,classical published computation; source marks unresolved/uncertain entries where ? occurs,"Ravenel 2026, Table A3.3 (5-primary stable homotopy excluding im J)",https://www.sas.rochester.edu/mth/sites/doug-ravenel/mybooks/ravenel.pdf,Subscripts/superscripts can flatten in plain text (for example beta_1^2); use the source PDF for typography.
342,β19,no,classical published computation; source marks unresolved/uncertain entries where ? occurs,"Ravenel 2026, Table A3.3 (5-primary stable homotopy excluding im J)",https://www.sas.rochester.edu/mth/sites/doug-ravenel/mybooks/ravenel.pdf,Subscripts/superscripts can flatten in plain text (for example beta_1^2); use the source PDF for typography.
344,β12 β2 β4,no,classical published computation; source marks unresolved/uncertain entries where ? occurs,"Ravenel 2026, Table A3.3 (5-primary stable homotopy excluding im J)",https://www.sas.rochester.edu/mth/sites/doug-ravenel/mybooks/ravenel.pdf,Subscripts/superscripts can flatten in plain text (for example beta_1^2); use the source PDF for typography.
351,α1 β12 β2 β4,no,classical published computation; source marks unresolved/uncertain entries where ? occurs,"Ravenel 2026, Table A3.3 (5-primary stable homotopy excluding im J)",https://www.sas.rochester.edu/mth/sites/doug-ravenel/mybooks/ravenel.pdf,Subscripts/superscripts can flatten in plain text (for example beta_1^2); use the source PDF for typography.
354,β12 β6,no,classical published computation; source marks unresolved/uncertain entries where ? occurs,"Ravenel 2026, Table A3.3 (5-primary stable homotopy excluding im J)",https://www.sas.rochester.edu/mth/sites/doug-ravenel/mybooks/ravenel.pdf,Subscripts/superscripts can flatten in plain text (for example beta_1^2); use the source PDF for typography.
357,2β19,no,classical published computation; source marks unresolved/uncertain entries where ? occurs,"Ravenel 2026, Table A3.3 (5-primary stable homotopy excluding im J)",https://www.sas.rochester.edu/mth/sites/doug-ravenel/mybooks/ravenel.pdf,Subscripts/superscripts can flatten in plain text (for example beta_1^2); use the source PDF for typography.
364,β1 β7,no,classical published computation; source marks unresolved/uncertain entries where ? occurs,"Ravenel 2026, Table A3.3 (5-primary stable homotopy excluding im J)",https://www.sas.rochester.edu/mth/sites/doug-ravenel/mybooks/ravenel.pdf,Subscripts/superscripts can flatten in plain text (for example beta_1^2); use the source PDF for typography.
369,2β12 β6,no,classical published computation; source marks unresolved/uncertain entries where ? occurs,"Ravenel 2026, Table A3.3 (5-primary stable homotopy excluding im J)",https://www.sas.rochester.edu/mth/sites/doug-ravenel/mybooks/ravenel.pdf,Subscripts/superscripts can flatten in plain text (for example beta_1^2); use the source PDF for typography.
374,β8,no,classical published computation; source marks unresolved/uncertain entries where ? occurs,"Ravenel 2026, Table A3.3 (5-primary stable homotopy excluding im J)",https://www.sas.rochester.edu/mth/sites/doug-ravenel/mybooks/ravenel.pdf,Subscripts/superscripts can flatten in plain text (for example beta_1^2); use the source PDF for typography.
379,2β1 β7,no,classical published computation; source marks unresolved/uncertain entries where ? occurs,"Ravenel 2026, Table A3.3 (5-primary stable homotopy excluding im J)",https://www.sas.rochester.edu/mth/sites/doug-ravenel/mybooks/ravenel.pdf,Subscripts/superscripts can flatten in plain text (for example beta_1^2); use the source PDF for typography.
380,β110,no,classical published computation; source marks unresolved/uncertain entries where ? occurs,"Ravenel 2026, Table A3.3 (5-primary stable homotopy excluding im J)",https://www.sas.rochester.edu/mth/sites/doug-ravenel/mybooks/ravenel.pdf,Subscripts/superscripts can flatten in plain text (for example beta_1^2); use the source PDF for typography.
381,α1 β8,no,classical published computation; source marks unresolved/uncertain entries where ? occurs,"Ravenel 2026, Table A3.3 (5-primary stable homotopy excluding im J)",https://www.sas.rochester.edu/mth/sites/doug-ravenel/mybooks/ravenel.pdf,Subscripts/superscripts can flatten in plain text (for example beta_1^2); use the source PDF for typography.
382,β13 β2 β4,no,classical published computation; source marks unresolved/uncertain entries where ? occurs,"Ravenel 2026, Table A3.3 (5-primary stable homotopy excluding im J)",https://www.sas.rochester.edu/mth/sites/doug-ravenel/mybooks/ravenel.pdf,Subscripts/superscripts can flatten in plain text (for example beta_1^2); use the source PDF for typography.
389,α1 β13 β2 β4,no,classical published computation; source marks unresolved/uncertain entries where ? occurs,"Ravenel 2026, Table A3.3 (5-primary stable homotopy excluding im J)",https://www.sas.rochester.edu/mth/sites/doug-ravenel/mybooks/ravenel.pdf,Subscripts/superscripts can flatten in plain text (for example beta_1^2); use the source PDF for typography.
392,β13 β6,no,classical published computation; source marks unresolved/uncertain entries where ? occurs,"Ravenel 2026, Table A3.3 (5-primary stable homotopy excluding im J)",https://www.sas.rochester.edu/mth/sites/doug-ravenel/mybooks/ravenel.pdf,Subscripts/superscripts can flatten in plain text (for example beta_1^2); use the source PDF for typography.
402,β12 β7,no,classical published computation; source marks unresolved/uncertain entries where ? occurs,"Ravenel 2026, Table A3.3 (5-primary stable homotopy excluding im J)",https://www.sas.rochester.edu/mth/sites/doug-ravenel/mybooks/ravenel.pdf,Subscripts/superscripts can flatten in plain text (for example beta_1^2); use the source PDF for typography.
403,3β110,no,classical published computation; source marks unresolved/uncertain entries where ? occurs,"Ravenel 2026, Table A3.3 (5-primary stable homotopy excluding im J)",https://www.sas.rochester.edu/mth/sites/doug-ravenel/mybooks/ravenel.pdf,Subscripts/superscripts can flatten in plain text (for example beta_1^2); use the source PDF for typography.
404,"β5/5 β5/4 = ⟨α1 β14 , β1 , β5/4 ⟩ = x404",no,classical published computation; source marks unresolved/uncertain entries where ? occurs,"Ravenel 2026, Table A3.3 (5-primary stable homotopy excluding im J)",https://www.sas.rochester.edu/mth/sites/doug-ravenel/mybooks/ravenel.pdf,Subscripts/superscripts can flatten in plain text (for example beta_1^2); use the source PDF for typography.
407,2β13 β6,no,classical published computation; source marks unresolved/uncertain entries where ? occurs,"Ravenel 2026, Table A3.3 (5-primary stable homotopy excluding im J)",https://www.sas.rochester.edu/mth/sites/doug-ravenel/mybooks/ravenel.pdf,Subscripts/superscripts can flatten in plain text (for example beta_1^2); use the source PDF for typography.
411,α1 x404 = β5/4 2β15,no,classical published computation; source marks unresolved/uncertain entries where ? occurs,"Ravenel 2026, Table A3.3 (5-primary stable homotopy excluding im J)",https://www.sas.rochester.edu/mth/sites/doug-ravenel/mybooks/ravenel.pdf,Subscripts/superscripts can flatten in plain text (for example beta_1^2); use the source PDF for typography.
412,β1 β8 ; [detached superscript fragment: 2; inspect source PDF] ; β1 β8 + β5/4 = x412,no,classical published computation; source marks unresolved/uncertain entries where ? occurs,"Ravenel 2026, Table A3.3 (5-primary stable homotopy excluding im J)",https://www.sas.rochester.edu/mth/sites/doug-ravenel/mybooks/ravenel.pdf,Subscripts/superscripts can flatten in plain text (for example beta_1^2); use the source PDF for typography.
417,2β12 β7,no,classical published computation; source marks unresolved/uncertain entries where ? occurs,"Ravenel 2026, Table A3.3 (5-primary stable homotopy excluding im J)",https://www.sas.rochester.edu/mth/sites/doug-ravenel/mybooks/ravenel.pdf,Subscripts/superscripts can flatten in plain text (for example beta_1^2); use the source PDF for typography.
418,β111,no,classical published computation; source marks unresolved/uncertain entries where ? occurs,"Ravenel 2026, Table A3.3 (5-primary stable homotopy excluding im J)",https://www.sas.rochester.edu/mth/sites/doug-ravenel/mybooks/ravenel.pdf,Subscripts/superscripts can flatten in plain text (for example beta_1^2); use the source PDF for typography.
419,α1 β1 β8,no,classical published computation; source marks unresolved/uncertain entries where ? occurs,"Ravenel 2026, Table A3.3 (5-primary stable homotopy excluding im J)",https://www.sas.rochester.edu/mth/sites/doug-ravenel/mybooks/ravenel.pdf,Subscripts/superscripts can flatten in plain text (for example beta_1^2); use the source PDF for typography.
420,β14 β2 β4,no,classical published computation; source marks unresolved/uncertain entries where ? occurs,"Ravenel 2026, Table A3.3 (5-primary stable homotopy excluding im J)",https://www.sas.rochester.edu/mth/sites/doug-ravenel/mybooks/ravenel.pdf,Subscripts/superscripts can flatten in plain text (for example beta_1^2); use the source PDF for typography.
422,β9,no,classical published computation; source marks unresolved/uncertain entries where ? occurs,"Ravenel 2026, Table A3.3 (5-primary stable homotopy excluding im J)",https://www.sas.rochester.edu/mth/sites/doug-ravenel/mybooks/ravenel.pdf,Subscripts/superscripts can flatten in plain text (for example beta_1^2); use the source PDF for typography.
427,2x412 ; α1 β14 β2 β4,no,classical published computation; source marks unresolved/uncertain entries where ? occurs,"Ravenel 2026, Table A3.3 (5-primary stable homotopy excluding im J)",https://www.sas.rochester.edu/mth/sites/doug-ravenel/mybooks/ravenel.pdf,Subscripts/superscripts can flatten in plain text (for example beta_1^2); use the source PDF for typography.
430,β14 β6,no,classical published computation; source marks unresolved/uncertain entries where ? occurs,"Ravenel 2026, Table A3.3 (5-primary stable homotopy excluding im J)",https://www.sas.rochester.edu/mth/sites/doug-ravenel/mybooks/ravenel.pdf,Subscripts/superscripts can flatten in plain text (for example beta_1^2); use the source PDF for typography.
437,2β9 ; γ2,no,classical published computation; source marks unresolved/uncertain entries where ? occurs,"Ravenel 2026, Table A3.3 (5-primary stable homotopy excluding im J)",https://www.sas.rochester.edu/mth/sites/doug-ravenel/mybooks/ravenel.pdf,Subscripts/superscripts can flatten in plain text (for example beta_1^2); use the source PDF for typography.
438,β10/5,no,classical published computation; source marks unresolved/uncertain entries where ? occurs,"Ravenel 2026, Table A3.3 (5-primary stable homotopy excluding im J)",https://www.sas.rochester.edu/mth/sites/doug-ravenel/mybooks/ravenel.pdf,Subscripts/superscripts can flatten in plain text (for example beta_1^2); use the source PDF for typography.
440,3β14,no,classical published computation; source marks unresolved/uncertain entries where ? occurs,"Ravenel 2026, Table A3.3 (5-primary stable homotopy excluding im J)",https://www.sas.rochester.edu/mth/sites/doug-ravenel/mybooks/ravenel.pdf,Subscripts/superscripts can flatten in plain text (for example beta_1^2); use the source PDF for typography.
444,α1 γ2,no,classical published computation; source marks unresolved/uncertain entries where ? occurs,"Ravenel 2026, Table A3.3 (5-primary stable homotopy excluding im J)",https://www.sas.rochester.edu/mth/sites/doug-ravenel/mybooks/ravenel.pdf,Subscripts/superscripts can flatten in plain text (for example beta_1^2); use the source PDF for typography.
445,α1 β10/5 ; 2β14 β6,no,classical published computation; source marks unresolved/uncertain entries where ? occurs,"Ravenel 2026, Table A3.3 (5-primary stable homotopy excluding im J)",https://www.sas.rochester.edu/mth/sites/doug-ravenel/mybooks/ravenel.pdf,Subscripts/superscripts can flatten in plain text (for example beta_1^2); use the source PDF for typography.
446,β10/4,no,classical published computation; source marks unresolved/uncertain entries where ? occurs,"Ravenel 2026, Table A3.3 (5-primary stable homotopy excluding im J)",https://www.sas.rochester.edu/mth/sites/doug-ravenel/mybooks/ravenel.pdf,Subscripts/superscripts can flatten in plain text (for example beta_1^2); use the source PDF for typography.
450,β12 β8,no,classical published computation; source marks unresolved/uncertain entries where ? occurs,"Ravenel 2026, Table A3.3 (5-primary stable homotopy excluding im J)",https://www.sas.rochester.edu/mth/sites/doug-ravenel/mybooks/ravenel.pdf,Subscripts/superscripts can flatten in plain text (for example beta_1^2); use the source PDF for typography.
453,α1 β10/4,no,classical published computation; source marks unresolved/uncertain entries where ? occurs,"Ravenel 2026, Table A3.3 (5-primary stable homotopy excluding im J)",https://www.sas.rochester.edu/mth/sites/doug-ravenel/mybooks/ravenel.pdf,Subscripts/superscripts can flatten in plain text (for example beta_1^2); use the source PDF for typography.
454,β10/3,no,classical published computation; source marks unresolved/uncertain entries where ? occurs,"Ravenel 2026, Table A3.3 (5-primary stable homotopy excluding im J)",https://www.sas.rochester.edu/mth/sites/doug-ravenel/mybooks/ravenel.pdf,Subscripts/superscripts can flatten in plain text (for example beta_1^2); use the source PDF for typography.
455,2β13 β7,no,classical published computation; source marks unresolved/uncertain entries where ? occurs,"Ravenel 2026, Table A3.3 (5-primary stable homotopy excluding im J)",https://www.sas.rochester.edu/mth/sites/doug-ravenel/mybooks/ravenel.pdf,Subscripts/superscripts can flatten in plain text (for example beta_1^2); use the source PDF for typography.
456,β112,no,classical published computation; source marks unresolved/uncertain entries where ? occurs,"Ravenel 2026, Table A3.3 (5-primary stable homotopy excluding im J)",https://www.sas.rochester.edu/mth/sites/doug-ravenel/mybooks/ravenel.pdf,Subscripts/superscripts can flatten in plain text (for example beta_1^2); use the source PDF for typography.
460,β1 β9,no,classical published computation; source marks unresolved/uncertain entries where ? occurs,"Ravenel 2026, Table A3.3 (5-primary stable homotopy excluding im J)",https://www.sas.rochester.edu/mth/sites/doug-ravenel/mybooks/ravenel.pdf,Subscripts/superscripts can flatten in plain text (for example beta_1^2); use the source PDF for typography.
461,α1 β10/3,no,classical published computation; source marks unresolved/uncertain entries where ? occurs,"Ravenel 2026, Table A3.3 (5-primary stable homotopy excluding im J)",https://www.sas.rochester.edu/mth/sites/doug-ravenel/mybooks/ravenel.pdf,Subscripts/superscripts can flatten in plain text (for example beta_1^2); use the source PDF for typography.
462,β10/2,no,classical published computation; source marks unresolved/uncertain entries where ? occurs,"Ravenel 2026, Table A3.3 (5-primary stable homotopy excluding im J)",https://www.sas.rochester.edu/mth/sites/doug-ravenel/mybooks/ravenel.pdf,Subscripts/superscripts can flatten in plain text (for example beta_1^2); use the source PDF for typography.
465,2β12 β8,no,classical published computation; source marks unresolved/uncertain entries where ? occurs,"Ravenel 2026, Table A3.3 (5-primary stable homotopy excluding im J)",https://www.sas.rochester.edu/mth/sites/doug-ravenel/mybooks/ravenel.pdf,Subscripts/superscripts can flatten in plain text (for example beta_1^2); use the source PDF for typography.
470,β10,no,classical published computation; source marks unresolved/uncertain entries where ? occurs,"Ravenel 2026, Table A3.3 (5-primary stable homotopy excluding im J)",https://www.sas.rochester.edu/mth/sites/doug-ravenel/mybooks/ravenel.pdf,Subscripts/superscripts can flatten in plain text (for example beta_1^2); use the source PDF for typography.
475,β1 γ2 ; 2β1 β9 ; GROUPS OF SPHERES ; omotopy (continued),no,classical published computation; source marks unresolved/uncertain entries where ? occurs,"Ravenel 2026, Table A3.3 (5-primary stable homotopy excluding im J)",https://www.sas.rochester.edu/mth/sites/doug-ravenel/mybooks/ravenel.pdf,Subscripts/superscripts can flatten in plain text (for example beta_1^2); use the source PDF for typography.
476,β1 β10/5 ; 5γ2,no,classical published computation; source marks unresolved/uncertain entries where ? occurs,"Ravenel 2026, Table A3.3 (5-primary stable homotopy excluding im J)",https://www.sas.rochester.edu/mth/sites/doug-ravenel/mybooks/ravenel.pdf,Subscripts/superscripts can flatten in plain text (for example beta_1^2); use the source PDF for typography.
477,2β10/2 ; α1 β10 = 5(2β10/2 ),no,classical published computation; source marks unresolved/uncertain entries where ? occurs,"Ravenel 2026, Table A3.3 (5-primary stable homotopy excluding im J)",https://www.sas.rochester.edu/mth/sites/doug-ravenel/mybooks/ravenel.pdf,Subscripts/superscripts can flatten in plain text (for example beta_1^2); use the source PDF for typography.
478,β14 β7,no,classical published computation; source marks unresolved/uncertain entries where ? occurs,"Ravenel 2026, Table A3.3 (5-primary stable homotopy excluding im J)",https://www.sas.rochester.edu/mth/sites/doug-ravenel/mybooks/ravenel.pdf,Subscripts/superscripts can flatten in plain text (for example beta_1^2); use the source PDF for typography.
479,3β112,no,classical published computation; source marks unresolved/uncertain entries where ? occurs,"Ravenel 2026, Table A3.3 (5-primary stable homotopy excluding im J)",https://www.sas.rochester.edu/mth/sites/doug-ravenel/mybooks/ravenel.pdf,Subscripts/superscripts can flatten in plain text (for example beta_1^2); use the source PDF for typography.
482,α1 β1 γ2,no,classical published computation; source marks unresolved/uncertain entries where ? occurs,"Ravenel 2026, Table A3.3 (5-primary stable homotopy excluding im J)",https://www.sas.rochester.edu/mth/sites/doug-ravenel/mybooks/ravenel.pdf,Subscripts/superscripts can flatten in plain text (for example beta_1^2); use the source PDF for typography.
483,α1 β1 β10/5,no,classical published computation; source marks unresolved/uncertain entries where ? occurs,"Ravenel 2026, Table A3.3 (5-primary stable homotopy excluding im J)",https://www.sas.rochester.edu/mth/sites/doug-ravenel/mybooks/ravenel.pdf,Subscripts/superscripts can flatten in plain text (for example beta_1^2); use the source PDF for typography.
488,β13 β8,no,classical published computation; source marks unresolved/uncertain entries where ? occurs,"Ravenel 2026, Table A3.3 (5-primary stable homotopy excluding im J)",https://www.sas.rochester.edu/mth/sites/doug-ravenel/mybooks/ravenel.pdf,Subscripts/superscripts can flatten in plain text (for example beta_1^2); use the source PDF for typography.
491,2 5γ2,no,classical published computation; source marks unresolved/uncertain entries where ? occurs,"Ravenel 2026, Table A3.3 (5-primary stable homotopy excluding im J)",https://www.sas.rochester.edu/mth/sites/doug-ravenel/mybooks/ravenel.pdf,Subscripts/superscripts can flatten in plain text (for example beta_1^2); use the source PDF for typography.
493,2β14 β7,no,classical published computation; source marks unresolved/uncertain entries where ? occurs,"Ravenel 2026, Table A3.3 (5-primary stable homotopy excluding im J)",https://www.sas.rochester.edu/mth/sites/doug-ravenel/mybooks/ravenel.pdf,Subscripts/superscripts can flatten in plain text (for example beta_1^2); use the source PDF for typography.
494,β113,no,classical published computation; source marks unresolved/uncertain entries where ? occurs,"Ravenel 2026, Table A3.3 (5-primary stable homotopy excluding im J)",https://www.sas.rochester.edu/mth/sites/doug-ravenel/mybooks/ravenel.pdf,Subscripts/superscripts can flatten in plain text (for example beta_1^2); use the source PDF for typography.
498,β12 β9,no,classical published computation; source marks unresolved/uncertain entries where ? occurs,"Ravenel 2026, Table A3.3 (5-primary stable homotopy excluding im J)",https://www.sas.rochester.edu/mth/sites/doug-ravenel/mybooks/ravenel.pdf,Subscripts/superscripts can flatten in plain text (for example beta_1^2); use the source PDF for typography.
503,2β13 β8,no,classical published computation; source marks unresolved/uncertain entries where ? occurs,"Ravenel 2026, Table A3.3 (5-primary stable homotopy excluding im J)",https://www.sas.rochester.edu/mth/sites/doug-ravenel/mybooks/ravenel.pdf,Subscripts/superscripts can flatten in plain text (for example beta_1^2); use the source PDF for typography.
508,"α1 h2,0 β10/3 = β2 β9",no,classical published computation; source marks unresolved/uncertain entries where ? occurs,"Ravenel 2026, Table A3.3 (5-primary stable homotopy excluding im J)",https://www.sas.rochester.edu/mth/sites/doug-ravenel/mybooks/ravenel.pdf,Subscripts/superscripts can flatten in plain text (for example beta_1^2); use the source PDF for typography.
513,β12 γ2 ; 2β12 β9,no,classical published computation; source marks unresolved/uncertain entries where ? occurs,"Ravenel 2026, Table A3.3 (5-primary stable homotopy excluding im J)",https://www.sas.rochester.edu/mth/sites/doug-ravenel/mybooks/ravenel.pdf,Subscripts/superscripts can flatten in plain text (for example beta_1^2); use the source PDF for typography.
514,β12 β10/5,no,classical published computation; source marks unresolved/uncertain entries where ? occurs,"Ravenel 2026, Table A3.3 (5-primary stable homotopy excluding im J)",https://www.sas.rochester.edu/mth/sites/doug-ravenel/mybooks/ravenel.pdf,Subscripts/superscripts can flatten in plain text (for example beta_1^2); use the source PDF for typography.
517,3β113,no,classical published computation; source marks unresolved/uncertain entries where ? occurs,"Ravenel 2026, Table A3.3 (5-primary stable homotopy excluding im J)",https://www.sas.rochester.edu/mth/sites/doug-ravenel/mybooks/ravenel.pdf,Subscripts/superscripts can flatten in plain text (for example beta_1^2); use the source PDF for typography.
518,β11,no,classical published computation; source marks unresolved/uncertain entries where ? occurs,"Ravenel 2026, Table A3.3 (5-primary stable homotopy excluding im J)",https://www.sas.rochester.edu/mth/sites/doug-ravenel/mybooks/ravenel.pdf,Subscripts/superscripts can flatten in plain text (for example beta_1^2); use the source PDF for typography.
520,α1 β12 γ2,no,classical published computation; source marks unresolved/uncertain entries where ? occurs,"Ravenel 2026, Table A3.3 (5-primary stable homotopy excluding im J)",https://www.sas.rochester.edu/mth/sites/doug-ravenel/mybooks/ravenel.pdf,Subscripts/superscripts can flatten in plain text (for example beta_1^2); use the source PDF for typography.
523,2β2 β9 ; β2 γ 2,no,classical published computation; source marks unresolved/uncertain entries where ? occurs,"Ravenel 2026, Table A3.3 (5-primary stable homotopy excluding im J)",https://www.sas.rochester.edu/mth/sites/doug-ravenel/mybooks/ravenel.pdf,Subscripts/superscripts can flatten in plain text (for example beta_1^2); use the source PDF for typography.
524,α1 η6 = β2 β10/5,no,classical published computation; source marks unresolved/uncertain entries where ? occurs,"Ravenel 2026, Table A3.3 (5-primary stable homotopy excluding im J)",https://www.sas.rochester.edu/mth/sites/doug-ravenel/mybooks/ravenel.pdf,Subscripts/superscripts can flatten in plain text (for example beta_1^2); use the source PDF for typography.
525,α1 β11,no,classical published computation; source marks unresolved/uncertain entries where ? occurs,"Ravenel 2026, Table A3.3 (5-primary stable homotopy excluding im J)",https://www.sas.rochester.edu/mth/sites/doug-ravenel/mybooks/ravenel.pdf,Subscripts/superscripts can flatten in plain text (for example beta_1^2); use the source PDF for typography.
526,β14 β8,no,classical published computation; source marks unresolved/uncertain entries where ? occurs,"Ravenel 2026, Table A3.3 (5-primary stable homotopy excluding im J)",https://www.sas.rochester.edu/mth/sites/doug-ravenel/mybooks/ravenel.pdf,Subscripts/superscripts can flatten in plain text (for example beta_1^2); use the source PDF for typography.
529,2 5β1 γ2,no,classical published computation; source marks unresolved/uncertain entries where ? occurs,"Ravenel 2026, Table A3.3 (5-primary stable homotopy excluding im J)",https://www.sas.rochester.edu/mth/sites/doug-ravenel/mybooks/ravenel.pdf,Subscripts/superscripts can flatten in plain text (for example beta_1^2); use the source PDF for typography.
530,α1 β2 γ2 ; [detached superscript fragment: 2; inspect source PDF],no,classical published computation; source marks unresolved/uncertain entries where ? occurs,"Ravenel 2026, Table A3.3 (5-primary stable homotopy excluding im J)",https://www.sas.rochester.edu/mth/sites/doug-ravenel/mybooks/ravenel.pdf,Subscripts/superscripts can flatten in plain text (for example beta_1^2); use the source PDF for typography.
531,2β15 β7 = α1 β2 β10/5,no,classical published computation; source marks unresolved/uncertain entries where ? occurs,"Ravenel 2026, Table A3.3 (5-primary stable homotopy excluding im J)",https://www.sas.rochester.edu/mth/sites/doug-ravenel/mybooks/ravenel.pdf,Subscripts/superscripts can flatten in plain text (for example beta_1^2); use the source PDF for typography.
532,β114,no,classical published computation; source marks unresolved/uncertain entries where ? occurs,"Ravenel 2026, Table A3.3 (5-primary stable homotopy excluding im J)",https://www.sas.rochester.edu/mth/sites/doug-ravenel/mybooks/ravenel.pdf,Subscripts/superscripts can flatten in plain text (for example beta_1^2); use the source PDF for typography.
536,β13 β9,no,classical published computation; source marks unresolved/uncertain entries where ? occurs,"Ravenel 2026, Table A3.3 (5-primary stable homotopy excluding im J)",https://www.sas.rochester.edu/mth/sites/doug-ravenel/mybooks/ravenel.pdf,Subscripts/superscripts can flatten in plain text (for example beta_1^2); use the source PDF for typography.
541,2β14 β8,no,classical published computation; source marks unresolved/uncertain entries where ? occurs,"Ravenel 2026, Table A3.3 (5-primary stable homotopy excluding im J)",https://www.sas.rochester.edu/mth/sites/doug-ravenel/mybooks/ravenel.pdf,Subscripts/superscripts can flatten in plain text (for example beta_1^2); use the source PDF for typography.
546,β 1 β2 β9,no,classical published computation; source marks unresolved/uncertain entries where ? occurs,"Ravenel 2026, Table A3.3 (5-primary stable homotopy excluding im J)",https://www.sas.rochester.edu/mth/sites/doug-ravenel/mybooks/ravenel.pdf,Subscripts/superscripts can flatten in plain text (for example beta_1^2); use the source PDF for typography.
551,β13 γ2 ; 2β13 β9,no,classical published computation; source marks unresolved/uncertain entries where ? occurs,"Ravenel 2026, Table A3.3 (5-primary stable homotopy excluding im J)",https://www.sas.rochester.edu/mth/sites/doug-ravenel/mybooks/ravenel.pdf,Subscripts/superscripts can flatten in plain text (for example beta_1^2); use the source PDF for typography.
552,5β12 γ2,no,classical published computation; source marks unresolved/uncertain entries where ? occurs,"Ravenel 2026, Table A3.3 (5-primary stable homotopy excluding im J)",https://www.sas.rochester.edu/mth/sites/doug-ravenel/mybooks/ravenel.pdf,Subscripts/superscripts can flatten in plain text (for example beta_1^2); use the source PDF for typography.
555,3β114,no,classical published computation; source marks unresolved/uncertain entries where ? occurs,"Ravenel 2026, Table A3.3 (5-primary stable homotopy excluding im J)",https://www.sas.rochester.edu/mth/sites/doug-ravenel/mybooks/ravenel.pdf,Subscripts/superscripts can flatten in plain text (for example beta_1^2); use the source PDF for typography.
556,β1 β11,no,classical published computation; source marks unresolved/uncertain entries where ? occurs,"Ravenel 2026, Table A3.3 (5-primary stable homotopy excluding im J)",https://www.sas.rochester.edu/mth/sites/doug-ravenel/mybooks/ravenel.pdf,Subscripts/superscripts can flatten in plain text (for example beta_1^2); use the source PDF for typography.
558,α1 β13 γ2,no,classical published computation; source marks unresolved/uncertain entries where ? occurs,"Ravenel 2026, Table A3.3 (5-primary stable homotopy excluding im J)",https://www.sas.rochester.edu/mth/sites/doug-ravenel/mybooks/ravenel.pdf,Subscripts/superscripts can flatten in plain text (for example beta_1^2); use the source PDF for typography.
561,2β1 β2 β9,no,classical published computation; source marks unresolved/uncertain entries where ? occurs,"Ravenel 2026, Table A3.3 (5-primary stable homotopy excluding im J)",https://www.sas.rochester.edu/mth/sites/doug-ravenel/mybooks/ravenel.pdf,Subscripts/superscripts can flatten in plain text (for example beta_1^2); use the source PDF for typography.
566,β 12,no,classical published computation; source marks unresolved/uncertain entries where ? occurs,"Ravenel 2026, Table A3.3 (5-primary stable homotopy excluding im J)",https://www.sas.rochester.edu/mth/sites/doug-ravenel/mybooks/ravenel.pdf,Subscripts/superscripts can flatten in plain text (for example beta_1^2); use the source PDF for typography.
567,2 5β12 γ2,no,classical published computation; source marks unresolved/uncertain entries where ? occurs,"Ravenel 2026, Table A3.3 (5-primary stable homotopy excluding im J)",https://www.sas.rochester.edu/mth/sites/doug-ravenel/mybooks/ravenel.pdf,Subscripts/superscripts can flatten in plain text (for example beta_1^2); use the source PDF for typography.
570,β115,no,classical published computation; source marks unresolved/uncertain entries where ? occurs,"Ravenel 2026, Table A3.3 (5-primary stable homotopy excluding im J)",https://www.sas.rochester.edu/mth/sites/doug-ravenel/mybooks/ravenel.pdf,Subscripts/superscripts can flatten in plain text (for example beta_1^2); use the source PDF for typography.
571,2β1 β11,no,classical published computation; source marks unresolved/uncertain entries where ? occurs,"Ravenel 2026, Table A3.3 (5-primary stable homotopy excluding im J)",https://www.sas.rochester.edu/mth/sites/doug-ravenel/mybooks/ravenel.pdf,Subscripts/superscripts can flatten in plain text (for example beta_1^2); use the source PDF for typography.
572,α1 η7 = β3 β10/5,no,classical published computation; source marks unresolved/uncertain entries where ? occurs,"Ravenel 2026, Table A3.3 (5-primary stable homotopy excluding im J)",https://www.sas.rochester.edu/mth/sites/doug-ravenel/mybooks/ravenel.pdf,Subscripts/superscripts can flatten in plain text (for example beta_1^2); use the source PDF for typography.
573,α1 β12,no,classical published computation; source marks unresolved/uncertain entries where ? occurs,"Ravenel 2026, Table A3.3 (5-primary stable homotopy excluding im J)",https://www.sas.rochester.edu/mth/sites/doug-ravenel/mybooks/ravenel.pdf,Subscripts/superscripts can flatten in plain text (for example beta_1^2); use the source PDF for typography.
574,β14 β9,no,classical published computation; source marks unresolved/uncertain entries where ? occurs,"Ravenel 2026, Table A3.3 (5-primary stable homotopy excluding im J)",https://www.sas.rochester.edu/mth/sites/doug-ravenel/mybooks/ravenel.pdf,Subscripts/superscripts can flatten in plain text (for example beta_1^2); use the source PDF for typography.
579,2β15 β8 = α1 β3 β10/5,no,classical published computation; source marks unresolved/uncertain entries where ? occurs,"Ravenel 2026, Table A3.3 (5-primary stable homotopy excluding im J)",https://www.sas.rochester.edu/mth/sites/doug-ravenel/mybooks/ravenel.pdf,Subscripts/superscripts can flatten in plain text (for example beta_1^2); use the source PDF for typography.
584,β12 β2 β9,no,classical published computation; source marks unresolved/uncertain entries where ? occurs,"Ravenel 2026, Table A3.3 (5-primary stable homotopy excluding im J)",https://www.sas.rochester.edu/mth/sites/doug-ravenel/mybooks/ravenel.pdf,Subscripts/superscripts can flatten in plain text (for example beta_1^2); use the source PDF for typography.
589,β14 γ2 ; 2β14 β9,no,classical published computation; source marks unresolved/uncertain entries where ? occurs,"Ravenel 2026, Table A3.3 (5-primary stable homotopy excluding im J)",https://www.sas.rochester.edu/mth/sites/doug-ravenel/mybooks/ravenel.pdf,Subscripts/superscripts can flatten in plain text (for example beta_1^2); use the source PDF for typography.
590,5β13 γ2,no,classical published computation; source marks unresolved/uncertain entries where ? occurs,"Ravenel 2026, Table A3.3 (5-primary stable homotopy excluding im J)",https://www.sas.rochester.edu/mth/sites/doug-ravenel/mybooks/ravenel.pdf,Subscripts/superscripts can flatten in plain text (for example beta_1^2); use the source PDF for typography.
594,β12 β11,no,classical published computation; source marks unresolved/uncertain entries where ? occurs,"Ravenel 2026, Table A3.3 (5-primary stable homotopy excluding im J)",https://www.sas.rochester.edu/mth/sites/doug-ravenel/mybooks/ravenel.pdf,Subscripts/superscripts can flatten in plain text (for example beta_1^2); use the source PDF for typography.
596,α1 β14 γ2,no,classical published computation; source marks unresolved/uncertain entries where ? occurs,"Ravenel 2026, Table A3.3 (5-primary stable homotopy excluding im J)",https://www.sas.rochester.edu/mth/sites/doug-ravenel/mybooks/ravenel.pdf,Subscripts/superscripts can flatten in plain text (for example beta_1^2); use the source PDF for typography.
599,2β12 β2 β9,no,classical published computation; source marks unresolved/uncertain entries where ? occurs,"Ravenel 2026, Table A3.3 (5-primary stable homotopy excluding im J)",https://www.sas.rochester.edu/mth/sites/doug-ravenel/mybooks/ravenel.pdf,Subscripts/superscripts can flatten in plain text (for example beta_1^2); use the source PDF for typography.
601,4β115 ; continued),no,classical published computation; source marks unresolved/uncertain entries where ? occurs,"Ravenel 2026, Table A3.3 (5-primary stable homotopy excluding im J)",https://www.sas.rochester.edu/mth/sites/doug-ravenel/mybooks/ravenel.pdf,Subscripts/superscripts can flatten in plain text (for example beta_1^2); use the source PDF for typography.
602,"β5/5 β5/4 = ⟨2β19 , β1 , β5/4 ⟩ = x602",no,classical published computation; source marks unresolved/uncertain entries where ? occurs,"Ravenel 2026, Table A3.3 (5-primary stable homotopy excluding im J)",https://www.sas.rochester.edu/mth/sites/doug-ravenel/mybooks/ravenel.pdf,Subscripts/superscripts can flatten in plain text (for example beta_1^2); use the source PDF for typography.
604,β1 β12,no,classical published computation; source marks unresolved/uncertain entries where ? occurs,"Ravenel 2026, Table A3.3 (5-primary stable homotopy excluding im J)",https://www.sas.rochester.edu/mth/sites/doug-ravenel/mybooks/ravenel.pdf,Subscripts/superscripts can flatten in plain text (for example beta_1^2); use the source PDF for typography.
605,2 5β13 γ2,no,classical published computation; source marks unresolved/uncertain entries where ? occurs,"Ravenel 2026, Table A3.3 (5-primary stable homotopy excluding im J)",https://www.sas.rochester.edu/mth/sites/doug-ravenel/mybooks/ravenel.pdf,Subscripts/superscripts can flatten in plain text (for example beta_1^2); use the source PDF for typography.
608,β116,no,classical published computation; source marks unresolved/uncertain entries where ? occurs,"Ravenel 2026, Table A3.3 (5-primary stable homotopy excluding im J)",https://www.sas.rochester.edu/mth/sites/doug-ravenel/mybooks/ravenel.pdf,Subscripts/superscripts can flatten in plain text (for example beta_1^2); use the source PDF for typography.
609,α1 x602,no,classical published computation; source marks unresolved/uncertain entries where ? occurs,"Ravenel 2026, Table A3.3 (5-primary stable homotopy excluding im J)",https://www.sas.rochester.edu/mth/sites/doug-ravenel/mybooks/ravenel.pdf,Subscripts/superscripts can flatten in plain text (for example beta_1^2); use the source PDF for typography.
610,"β1 β3 β10/5 = ⟨α1 , 5, x602 ⟩",no,classical published computation; source marks unresolved/uncertain entries where ? occurs,"Ravenel 2026, Table A3.3 (5-primary stable homotopy excluding im J)",https://www.sas.rochester.edu/mth/sites/doug-ravenel/mybooks/ravenel.pdf,Subscripts/superscripts can flatten in plain text (for example beta_1^2); use the source PDF for typography.
614,β 13,no,classical published computation; source marks unresolved/uncertain entries where ? occurs,"Ravenel 2026, Table A3.3 (5-primary stable homotopy excluding im J)",https://www.sas.rochester.edu/mth/sites/doug-ravenel/mybooks/ravenel.pdf,Subscripts/superscripts can flatten in plain text (for example beta_1^2); use the source PDF for typography.
617,"x617 = α1 β3 b22,0 ; α1 β1 β3 β10/5",no,classical published computation; source marks unresolved/uncertain entries where ? occurs,"Ravenel 2026, Table A3.3 (5-primary stable homotopy excluding im J)",https://www.sas.rochester.edu/mth/sites/doug-ravenel/mybooks/ravenel.pdf,Subscripts/superscripts can flatten in plain text (for example beta_1^2); use the source PDF for typography.
620,α1 η8 = β4 β10/5,no,classical published computation; source marks unresolved/uncertain entries where ? occurs,"Ravenel 2026, Table A3.3 (5-primary stable homotopy excluding im J)",https://www.sas.rochester.edu/mth/sites/doug-ravenel/mybooks/ravenel.pdf,Subscripts/superscripts can flatten in plain text (for example beta_1^2); use the source PDF for typography.
621,α1 β13,no,classical published computation; source marks unresolved/uncertain entries where ? occurs,"Ravenel 2026, Table A3.3 (5-primary stable homotopy excluding im J)",https://www.sas.rochester.edu/mth/sites/doug-ravenel/mybooks/ravenel.pdf,Subscripts/superscripts can flatten in plain text (for example beta_1^2); use the source PDF for typography.
622,β13 β2 β9,no,classical published computation; source marks unresolved/uncertain entries where ? occurs,"Ravenel 2026, Table A3.3 (5-primary stable homotopy excluding im J)",https://www.sas.rochester.edu/mth/sites/doug-ravenel/mybooks/ravenel.pdf,Subscripts/superscripts can flatten in plain text (for example beta_1^2); use the source PDF for typography.
627,3β1 β12 ; β15 γ2,no,classical published computation; source marks unresolved/uncertain entries where ? occurs,"Ravenel 2026, Table A3.3 (5-primary stable homotopy excluding im J)",https://www.sas.rochester.edu/mth/sites/doug-ravenel/mybooks/ravenel.pdf,Subscripts/superscripts can flatten in plain text (for example beta_1^2); use the source PDF for typography.
628,5β14 γ2,no,classical published computation; source marks unresolved/uncertain entries where ? occurs,"Ravenel 2026, Table A3.3 (5-primary stable homotopy excluding im J)",https://www.sas.rochester.edu/mth/sites/doug-ravenel/mybooks/ravenel.pdf,Subscripts/superscripts can flatten in plain text (for example beta_1^2); use the source PDF for typography.
632,β13 β11,no,classical published computation; source marks unresolved/uncertain entries where ? occurs,"Ravenel 2026, Table A3.3 (5-primary stable homotopy excluding im J)",https://www.sas.rochester.edu/mth/sites/doug-ravenel/mybooks/ravenel.pdf,Subscripts/superscripts can flatten in plain text (for example beta_1^2); use the source PDF for typography.
635,"2β4 β10/5 = ⟨β9 , α1 , 2β15 ⟩",no,classical published computation; source marks unresolved/uncertain entries where ? occurs,"Ravenel 2026, Table A3.3 (5-primary stable homotopy excluding im J)",https://www.sas.rochester.edu/mth/sites/doug-ravenel/mybooks/ravenel.pdf,Subscripts/superscripts can flatten in plain text (for example beta_1^2); use the source PDF for typography.
636,"β5/5 β10/5 = ⟨β13 , α1 β12 , β10/5 ⟩ = x636",no,classical published computation; source marks unresolved/uncertain entries where ? occurs,"Ravenel 2026, Table A3.3 (5-primary stable homotopy excluding im J)",https://www.sas.rochester.edu/mth/sites/doug-ravenel/mybooks/ravenel.pdf,Subscripts/superscripts can flatten in plain text (for example beta_1^2); use the source PDF for typography.
637,2β13 β2 β9,no,classical published computation; source marks unresolved/uncertain entries where ? occurs,"Ravenel 2026, Table A3.3 (5-primary stable homotopy excluding im J)",https://www.sas.rochester.edu/mth/sites/doug-ravenel/mybooks/ravenel.pdf,Subscripts/superscripts can flatten in plain text (for example beta_1^2); use the source PDF for typography.
639,4β116,no,classical published computation; source marks unresolved/uncertain entries where ? occurs,"Ravenel 2026, Table A3.3 (5-primary stable homotopy excluding im J)",https://www.sas.rochester.edu/mth/sites/doug-ravenel/mybooks/ravenel.pdf,Subscripts/superscripts can flatten in plain text (for example beta_1^2); use the source PDF for typography.
642,β12 β12,no,classical published computation; source marks unresolved/uncertain entries where ? occurs,"Ravenel 2026, Table A3.3 (5-primary stable homotopy excluding im J)",https://www.sas.rochester.edu/mth/sites/doug-ravenel/mybooks/ravenel.pdf,Subscripts/superscripts can flatten in plain text (for example beta_1^2); use the source PDF for typography.
643,2 5β14 γ2 = β5/4 γ2 ; α1 x636,no,classical published computation; source marks unresolved/uncertain entries where ? occurs,"Ravenel 2026, Table A3.3 (5-primary stable homotopy excluding im J)",https://www.sas.rochester.edu/mth/sites/doug-ravenel/mybooks/ravenel.pdf,Subscripts/superscripts can flatten in plain text (for example beta_1^2); use the source PDF for typography.
644,β5/4 β10/5,no,classical published computation; source marks unresolved/uncertain entries where ? occurs,"Ravenel 2026, Table A3.3 (5-primary stable homotopy excluding im J)",https://www.sas.rochester.edu/mth/sites/doug-ravenel/mybooks/ravenel.pdf,Subscripts/superscripts can flatten in plain text (for example beta_1^2); use the source PDF for typography.
646,β117,no,classical published computation; source marks unresolved/uncertain entries where ? occurs,"Ravenel 2026, Table A3.3 (5-primary stable homotopy excluding im J)",https://www.sas.rochester.edu/mth/sites/doug-ravenel/mybooks/ravenel.pdf,Subscripts/superscripts can flatten in plain text (for example beta_1^2); use the source PDF for typography.
651,α1 β5/4 β10/5,no,classical published computation; source marks unresolved/uncertain entries where ? occurs,"Ravenel 2026, Table A3.3 (5-primary stable homotopy excluding im J)",https://www.sas.rochester.edu/mth/sites/doug-ravenel/mybooks/ravenel.pdf,Subscripts/superscripts can flatten in plain text (for example beta_1^2); use the source PDF for typography.
652,β1 β13 ; β5/3 β10/5 + β1 β13,no,classical published computation; source marks unresolved/uncertain entries where ? occurs,"Ravenel 2026, Table A3.3 (5-primary stable homotopy excluding im J)",https://www.sas.rochester.edu/mth/sites/doug-ravenel/mybooks/ravenel.pdf,Subscripts/superscripts can flatten in plain text (for example beta_1^2); use the source PDF for typography.
655,β1 x617,no,classical published computation; source marks unresolved/uncertain entries where ? occurs,"Ravenel 2026, Table A3.3 (5-primary stable homotopy excluding im J)",https://www.sas.rochester.edu/mth/sites/doug-ravenel/mybooks/ravenel.pdf,Subscripts/superscripts can flatten in plain text (for example beta_1^2); use the source PDF for typography.
660,β14 β2 β9,no,classical published computation; source marks unresolved/uncertain entries where ? occurs,"Ravenel 2026, Table A3.3 (5-primary stable homotopy excluding im J)",https://www.sas.rochester.edu/mth/sites/doug-ravenel/mybooks/ravenel.pdf,Subscripts/superscripts can flatten in plain text (for example beta_1^2); use the source PDF for typography.
662,β 14,no,classical published computation; source marks unresolved/uncertain entries where ? occurs,"Ravenel 2026, Table A3.3 (5-primary stable homotopy excluding im J)",https://www.sas.rochester.edu/mth/sites/doug-ravenel/mybooks/ravenel.pdf,Subscripts/superscripts can flatten in plain text (for example beta_1^2); use the source PDF for typography.
665,3β12 β12 ; β16 γ2,no,classical published computation; source marks unresolved/uncertain entries where ? occurs,"Ravenel 2026, Table A3.3 (5-primary stable homotopy excluding im J)",https://www.sas.rochester.edu/mth/sites/doug-ravenel/mybooks/ravenel.pdf,Subscripts/superscripts can flatten in plain text (for example beta_1^2); use the source PDF for typography.
666,5β15 γ2 ; 2β15 γ2,no,classical published computation; source marks unresolved/uncertain entries where ? occurs,"Ravenel 2026, Table A3.3 (5-primary stable homotopy excluding im J)",https://www.sas.rochester.edu/mth/sites/doug-ravenel/mybooks/ravenel.pdf,Subscripts/superscripts can flatten in plain text (for example beta_1^2); use the source PDF for typography.
667,2x652,no,classical published computation; source marks unresolved/uncertain entries where ? occurs,"Ravenel 2026, Table A3.3 (5-primary stable homotopy excluding im J)",https://www.sas.rochester.edu/mth/sites/doug-ravenel/mybooks/ravenel.pdf,Subscripts/superscripts can flatten in plain text (for example beta_1^2); use the source PDF for typography.
670,β14 β11,no,classical published computation; source marks unresolved/uncertain entries where ? occurs,"Ravenel 2026, Table A3.3 (5-primary stable homotopy excluding im J)",https://www.sas.rochester.edu/mth/sites/doug-ravenel/mybooks/ravenel.pdf,Subscripts/superscripts can flatten in plain text (for example beta_1^2); use the source PDF for typography.
675,2β14 β2 β9,no,classical published computation; source marks unresolved/uncertain entries where ? occurs,"Ravenel 2026, Table A3.3 (5-primary stable homotopy excluding im J)",https://www.sas.rochester.edu/mth/sites/doug-ravenel/mybooks/ravenel.pdf,Subscripts/superscripts can flatten in plain text (for example beta_1^2); use the source PDF for typography.
677,2β14 ; 4β117,no,classical published computation; source marks unresolved/uncertain entries where ? occurs,"Ravenel 2026, Table A3.3 (5-primary stable homotopy excluding im J)",https://www.sas.rochester.edu/mth/sites/doug-ravenel/mybooks/ravenel.pdf,Subscripts/superscripts can flatten in plain text (for example beta_1^2); use the source PDF for typography.
678,β 15/5,no,classical published computation; source marks unresolved/uncertain entries where ? occurs,"Ravenel 2026, Table A3.3 (5-primary stable homotopy excluding im J)",https://www.sas.rochester.edu/mth/sites/doug-ravenel/mybooks/ravenel.pdf,Subscripts/superscripts can flatten in plain text (for example beta_1^2); use the source PDF for typography.
680,β13 β12 ; 2β16 γ2,no,classical published computation; source marks unresolved/uncertain entries where ? occurs,"Ravenel 2026, Table A3.3 (5-primary stable homotopy excluding im J)",https://www.sas.rochester.edu/mth/sites/doug-ravenel/mybooks/ravenel.pdf,Subscripts/superscripts can flatten in plain text (for example beta_1^2); use the source PDF for typography.
684,α1 β1 β13,no,classical published computation; source marks unresolved/uncertain entries where ? occurs,"Ravenel 2026, Table A3.3 (5-primary stable homotopy excluding im J)",https://www.sas.rochester.edu/mth/sites/doug-ravenel/mybooks/ravenel.pdf,Subscripts/superscripts can flatten in plain text (for example beta_1^2); use the source PDF for typography.
685,α1 β15/5,no,classical published computation; source marks unresolved/uncertain entries where ? occurs,"Ravenel 2026, Table A3.3 (5-primary stable homotopy excluding im J)",https://www.sas.rochester.edu/mth/sites/doug-ravenel/mybooks/ravenel.pdf,Subscripts/superscripts can flatten in plain text (for example beta_1^2); use the source PDF for typography.
686,β 15/4,no,classical published computation; source marks unresolved/uncertain entries where ? occurs,"Ravenel 2026, Table A3.3 (5-primary stable homotopy excluding im J)",https://www.sas.rochester.edu/mth/sites/doug-ravenel/mybooks/ravenel.pdf,Subscripts/superscripts can flatten in plain text (for example beta_1^2); use the source PDF for typography.
689,3 5β16 γ2,no,classical published computation; source marks unresolved/uncertain entries where ? occurs,"Ravenel 2026, Table A3.3 (5-primary stable homotopy excluding im J)",https://www.sas.rochester.edu/mth/sites/doug-ravenel/mybooks/ravenel.pdf,Subscripts/superscripts can flatten in plain text (for example beta_1^2); use the source PDF for typography.
690,β12 β13,no,classical published computation; source marks unresolved/uncertain entries where ? occurs,"Ravenel 2026, Table A3.3 (5-primary stable homotopy excluding im J)",https://www.sas.rochester.edu/mth/sites/doug-ravenel/mybooks/ravenel.pdf,Subscripts/superscripts can flatten in plain text (for example beta_1^2); use the source PDF for typography.
692,"α1 γ3 = ⟨α1 , β15 , β113 ⟩ = x692",no,classical published computation; source marks unresolved/uncertain entries where ? occurs,"Ravenel 2026, Table A3.3 (5-primary stable homotopy excluding im J)",https://www.sas.rochester.edu/mth/sites/doug-ravenel/mybooks/ravenel.pdf,Subscripts/superscripts can flatten in plain text (for example beta_1^2); use the source PDF for typography.
693,α1 β15/4 ; 3β14 β11,no,classical published computation; source marks unresolved/uncertain entries where ? occurs,"Ravenel 2026, Table A3.3 (5-primary stable homotopy excluding im J)",https://www.sas.rochester.edu/mth/sites/doug-ravenel/mybooks/ravenel.pdf,Subscripts/superscripts can flatten in plain text (for example beta_1^2); use the source PDF for typography.
694,β 15/3,no,classical published computation; source marks unresolved/uncertain entries where ? occurs,"Ravenel 2026, Table A3.3 (5-primary stable homotopy excluding im J)",https://www.sas.rochester.edu/mth/sites/doug-ravenel/mybooks/ravenel.pdf,Subscripts/superscripts can flatten in plain text (for example beta_1^2); use the source PDF for typography.
700,β1 β14,no,classical published computation; source marks unresolved/uncertain entries where ? occurs,"Ravenel 2026, Table A3.3 (5-primary stable homotopy excluding im J)",https://www.sas.rochester.edu/mth/sites/doug-ravenel/mybooks/ravenel.pdf,Subscripts/superscripts can flatten in plain text (for example beta_1^2); use the source PDF for typography.
701,α1 β15/3,no,classical published computation; source marks unresolved/uncertain entries where ? occurs,"Ravenel 2026, Table A3.3 (5-primary stable homotopy excluding im J)",https://www.sas.rochester.edu/mth/sites/doug-ravenel/mybooks/ravenel.pdf,Subscripts/superscripts can flatten in plain text (for example beta_1^2); use the source PDF for typography.
702,β 15/2 ; SPHERES,no,classical published computation; source marks unresolved/uncertain entries where ? occurs,"Ravenel 2026, Table A3.3 (5-primary stable homotopy excluding im J)",https://www.sas.rochester.edu/mth/sites/doug-ravenel/mybooks/ravenel.pdf,Subscripts/superscripts can flatten in plain text (for example beta_1^2); use the source PDF for typography.
703,3β13 β12 ; β17 γ2,no,classical published computation; source marks unresolved/uncertain entries where ? occurs,"Ravenel 2026, Table A3.3 (5-primary stable homotopy excluding im J)",https://www.sas.rochester.edu/mth/sites/doug-ravenel/mybooks/ravenel.pdf,Subscripts/superscripts can flatten in plain text (for example beta_1^2); use the source PDF for typography.
704,5β16 γ2,no,classical published computation; source marks unresolved/uncertain entries where ? occurs,"Ravenel 2026, Table A3.3 (5-primary stable homotopy excluding im J)",https://www.sas.rochester.edu/mth/sites/doug-ravenel/mybooks/ravenel.pdf,Subscripts/superscripts can flatten in plain text (for example beta_1^2); use the source PDF for typography.
710,β15,no,classical published computation; source marks unresolved/uncertain entries where ? occurs,"Ravenel 2026, Table A3.3 (5-primary stable homotopy excluding im J)",https://www.sas.rochester.edu/mth/sites/doug-ravenel/mybooks/ravenel.pdf,Subscripts/superscripts can flatten in plain text (for example beta_1^2); use the source PDF for typography.
713,3β12 β13,no,classical published computation; source marks unresolved/uncertain entries where ? occurs,"Ravenel 2026, Table A3.3 (5-primary stable homotopy excluding im J)",https://www.sas.rochester.edu/mth/sites/doug-ravenel/mybooks/ravenel.pdf,Subscripts/superscripts can flatten in plain text (for example beta_1^2); use the source PDF for typography.
714,"η1 γ2 = ⟨β14 , β1 β2 , γ2 + 2β9 ⟩ = x714",no,classical published computation; source marks unresolved/uncertain entries where ? occurs,"Ravenel 2026, Table A3.3 (5-primary stable homotopy excluding im J)",https://www.sas.rochester.edu/mth/sites/doug-ravenel/mybooks/ravenel.pdf,Subscripts/superscripts can flatten in plain text (for example beta_1^2); use the source PDF for typography.
715,3x692 ; 2β1 β14,no,classical published computation; source marks unresolved/uncertain entries where ? occurs,"Ravenel 2026, Table A3.3 (5-primary stable homotopy excluding im J)",https://www.sas.rochester.edu/mth/sites/doug-ravenel/mybooks/ravenel.pdf,Subscripts/superscripts can flatten in plain text (for example beta_1^2); use the source PDF for typography.
716,β1 β15/5,no,classical published computation; source marks unresolved/uncertain entries where ? occurs,"Ravenel 2026, Table A3.3 (5-primary stable homotopy excluding im J)",https://www.sas.rochester.edu/mth/sites/doug-ravenel/mybooks/ravenel.pdf,Subscripts/superscripts can flatten in plain text (for example beta_1^2); use the source PDF for typography.
717,2β15/2 ; α1 β15 = 5(2β15/2 ),no,classical published computation; source marks unresolved/uncertain entries where ? occurs,"Ravenel 2026, Table A3.3 (5-primary stable homotopy excluding im J)",https://www.sas.rochester.edu/mth/sites/doug-ravenel/mybooks/ravenel.pdf,Subscripts/superscripts can flatten in plain text (for example beta_1^2); use the source PDF for typography.
718,β14 β12 ; 2β17 γ2,no,classical published computation; source marks unresolved/uncertain entries where ? occurs,"Ravenel 2026, Table A3.3 (5-primary stable homotopy excluding im J)",https://www.sas.rochester.edu/mth/sites/doug-ravenel/mybooks/ravenel.pdf,Subscripts/superscripts can flatten in plain text (for example beta_1^2); use the source PDF for typography.
721,α1 x714,no,classical published computation; source marks unresolved/uncertain entries where ? occurs,"Ravenel 2026, Table A3.3 (5-primary stable homotopy excluding im J)",https://www.sas.rochester.edu/mth/sites/doug-ravenel/mybooks/ravenel.pdf,Subscripts/superscripts can flatten in plain text (for example beta_1^2); use the source PDF for typography.
723,α1 β1 β15/5,no,classical published computation; source marks unresolved/uncertain entries where ? occurs,"Ravenel 2026, Table A3.3 (5-primary stable homotopy excluding im J)",https://www.sas.rochester.edu/mth/sites/doug-ravenel/mybooks/ravenel.pdf,Subscripts/superscripts can flatten in plain text (for example beta_1^2); use the source PDF for typography.
724,"5γ3 = ⟨β1 , 5, β1 , β117 ⟩ = x724 ; α1 h2,0 u9",no,classical published computation; source marks unresolved/uncertain entries where ? occurs,"Ravenel 2026, Table A3.3 (5-primary stable homotopy excluding im J)",https://www.sas.rochester.edu/mth/sites/doug-ravenel/mybooks/ravenel.pdf,Subscripts/superscripts can flatten in plain text (for example beta_1^2); use the source PDF for typography.
727,3 5β16 γ2,no,classical published computation; source marks unresolved/uncertain entries where ? occurs,"Ravenel 2026, Table A3.3 (5-primary stable homotopy excluding im J)",https://www.sas.rochester.edu/mth/sites/doug-ravenel/mybooks/ravenel.pdf,Subscripts/superscripts can flatten in plain text (for example beta_1^2); use the source PDF for typography.
728,β13 β13,no,classical published computation; source marks unresolved/uncertain entries where ? occurs,"Ravenel 2026, Table A3.3 (5-primary stable homotopy excluding im J)",https://www.sas.rochester.edu/mth/sites/doug-ravenel/mybooks/ravenel.pdf,Subscripts/superscripts can flatten in plain text (for example beta_1^2); use the source PDF for typography.
730,β1 x692,no,classical published computation; source marks unresolved/uncertain entries where ? occurs,"Ravenel 2026, Table A3.3 (5-primary stable homotopy excluding im J)",https://www.sas.rochester.edu/mth/sites/doug-ravenel/mybooks/ravenel.pdf,Subscripts/superscripts can flatten in plain text (for example beta_1^2); use the source PDF for typography.
731,3β15 β11,no,classical published computation; source marks unresolved/uncertain entries where ? occurs,"Ravenel 2026, Table A3.3 (5-primary stable homotopy excluding im J)",https://www.sas.rochester.edu/mth/sites/doug-ravenel/mybooks/ravenel.pdf,Subscripts/superscripts can flatten in plain text (for example beta_1^2); use the source PDF for typography.
738,β12 β14,no,classical published computation; source marks unresolved/uncertain entries where ? occurs,"Ravenel 2026, Table A3.3 (5-primary stable homotopy excluding im J)",https://www.sas.rochester.edu/mth/sites/doug-ravenel/mybooks/ravenel.pdf,Subscripts/superscripts can flatten in plain text (for example beta_1^2); use the source PDF for typography.
739,2x724,no,classical published computation; source marks unresolved/uncertain entries where ? occurs,"Ravenel 2026, Table A3.3 (5-primary stable homotopy excluding im J)",https://www.sas.rochester.edu/mth/sites/doug-ravenel/mybooks/ravenel.pdf,Subscripts/superscripts can flatten in plain text (for example beta_1^2); use the source PDF for typography.
741,3β14 β12 ; β18 γ2,no,classical published computation; source marks unresolved/uncertain entries where ? occurs,"Ravenel 2026, Table A3.3 (5-primary stable homotopy excluding im J)",https://www.sas.rochester.edu/mth/sites/doug-ravenel/mybooks/ravenel.pdf,Subscripts/superscripts can flatten in plain text (for example beta_1^2); use the source PDF for typography.
742,5β17 γ2,no,classical published computation; source marks unresolved/uncertain entries where ? occurs,"Ravenel 2026, Table A3.3 (5-primary stable homotopy excluding im J)",https://www.sas.rochester.edu/mth/sites/doug-ravenel/mybooks/ravenel.pdf,Subscripts/superscripts can flatten in plain text (for example beta_1^2); use the source PDF for typography.
748,β2 β14,no,classical published computation; source marks unresolved/uncertain entries where ? occurs,"Ravenel 2026, Table A3.3 (5-primary stable homotopy excluding im J)",https://www.sas.rochester.edu/mth/sites/doug-ravenel/mybooks/ravenel.pdf,Subscripts/superscripts can flatten in plain text (for example beta_1^2); use the source PDF for typography.
751,3β13 β13,no,classical published computation; source marks unresolved/uncertain entries where ? occurs,"Ravenel 2026, Table A3.3 (5-primary stable homotopy excluding im J)",https://www.sas.rochester.edu/mth/sites/doug-ravenel/mybooks/ravenel.pdf,Subscripts/superscripts can flatten in plain text (for example beta_1^2); use the source PDF for typography.
753,3β1 x692,no,classical published computation; source marks unresolved/uncertain entries where ? occurs,"Ravenel 2026, Table A3.3 (5-primary stable homotopy excluding im J)",https://www.sas.rochester.edu/mth/sites/doug-ravenel/mybooks/ravenel.pdf,Subscripts/superscripts can flatten in plain text (for example beta_1^2); use the source PDF for typography.
756,2β18 γ2,no,classical published computation; source marks unresolved/uncertain entries where ? occurs,"Ravenel 2026, Table A3.3 (5-primary stable homotopy excluding im J)",https://www.sas.rochester.edu/mth/sites/doug-ravenel/mybooks/ravenel.pdf,Subscripts/superscripts can flatten in plain text (for example beta_1^2); use the source PDF for typography.
758,β 16,no,classical published computation; source marks unresolved/uncertain entries where ? occurs,"Ravenel 2026, Table A3.3 (5-primary stable homotopy excluding im J)",https://www.sas.rochester.edu/mth/sites/doug-ravenel/mybooks/ravenel.pdf,Subscripts/superscripts can flatten in plain text (for example beta_1^2); use the source PDF for typography.
761,"b2,0 β2 γ2 = ⟨α1 β1 , β6 , γ2 ⟩ = x761 ; 3β12 β14",no,classical published computation; source marks unresolved/uncertain entries where ? occurs,"Ravenel 2026, Table A3.3 (5-primary stable homotopy excluding im J)",https://www.sas.rochester.edu/mth/sites/doug-ravenel/mybooks/ravenel.pdf,Subscripts/superscripts can flatten in plain text (for example beta_1^2); use the source PDF for typography.
762,β1 x724,no,classical published computation; source marks unresolved/uncertain entries where ? occurs,"Ravenel 2026, Table A3.3 (5-primary stable homotopy excluding im J)",https://www.sas.rochester.edu/mth/sites/doug-ravenel/mybooks/ravenel.pdf,Subscripts/superscripts can flatten in plain text (for example beta_1^2); use the source PDF for typography.
763,2β2 β14 ; β1 x′724,no,classical published computation; source marks unresolved/uncertain entries where ? occurs,"Ravenel 2026, Table A3.3 (5-primary stable homotopy excluding im J)",https://www.sas.rochester.edu/mth/sites/doug-ravenel/mybooks/ravenel.pdf,Subscripts/superscripts can flatten in plain text (for example beta_1^2); use the source PDF for typography.
764,α1 η11 = β2 β15/5,no,classical published computation; source marks unresolved/uncertain entries where ? occurs,"Ravenel 2026, Table A3.3 (5-primary stable homotopy excluding im J)",https://www.sas.rochester.edu/mth/sites/doug-ravenel/mybooks/ravenel.pdf,Subscripts/superscripts can flatten in plain text (for example beta_1^2); use the source PDF for typography.
765,α1 β16 ; 3 5β17 γ2,no,classical published computation; source marks unresolved/uncertain entries where ? occurs,"Ravenel 2026, Table A3.3 (5-primary stable homotopy excluding im J)",https://www.sas.rochester.edu/mth/sites/doug-ravenel/mybooks/ravenel.pdf,Subscripts/superscripts can flatten in plain text (for example beta_1^2); use the source PDF for typography.
766,β14 β13,no,classical published computation; source marks unresolved/uncertain entries where ? occurs,"Ravenel 2026, Table A3.3 (5-primary stable homotopy excluding im J)",https://www.sas.rochester.edu/mth/sites/doug-ravenel/mybooks/ravenel.pdf,Subscripts/superscripts can flatten in plain text (for example beta_1^2); use the source PDF for typography.
768,α1 x761 = γ2 2β1 β6 ; β12 x692,no,classical published computation; source marks unresolved/uncertain entries where ? occurs,"Ravenel 2026, Table A3.3 (5-primary stable homotopy excluding im J)",https://www.sas.rochester.edu/mth/sites/doug-ravenel/mybooks/ravenel.pdf,Subscripts/superscripts can flatten in plain text (for example beta_1^2); use the source PDF for typography.
769,α1 β1 x′724,no,classical published computation; source marks unresolved/uncertain entries where ? occurs,"Ravenel 2026, Table A3.3 (5-primary stable homotopy excluding im J)",https://www.sas.rochester.edu/mth/sites/doug-ravenel/mybooks/ravenel.pdf,Subscripts/superscripts can flatten in plain text (for example beta_1^2); use the source PDF for typography.
771,"β2 γ3 = ⟨β2 , β15 , β113 ⟩ = x771",no,classical published computation; source marks unresolved/uncertain entries where ? occurs,"Ravenel 2026, Table A3.3 (5-primary stable homotopy excluding im J)",https://www.sas.rochester.edu/mth/sites/doug-ravenel/mybooks/ravenel.pdf,Subscripts/superscripts can flatten in plain text (for example beta_1^2); use the source PDF for typography.
776,β13 β14,no,classical published computation; source marks unresolved/uncertain entries where ? occurs,"Ravenel 2026, Table A3.3 (5-primary stable homotopy excluding im J)",https://www.sas.rochester.edu/mth/sites/doug-ravenel/mybooks/ravenel.pdf,Subscripts/superscripts can flatten in plain text (for example beta_1^2); use the source PDF for typography.
777,2β1 x724,no,classical published computation; source marks unresolved/uncertain entries where ? occurs,"Ravenel 2026, Table A3.3 (5-primary stable homotopy excluding im J)",https://www.sas.rochester.edu/mth/sites/doug-ravenel/mybooks/ravenel.pdf,Subscripts/superscripts can flatten in plain text (for example beta_1^2); use the source PDF for typography.
778,α1 x771,no,classical published computation; source marks unresolved/uncertain entries where ? occurs,"Ravenel 2026, Table A3.3 (5-primary stable homotopy excluding im J)",https://www.sas.rochester.edu/mth/sites/doug-ravenel/mybooks/ravenel.pdf,Subscripts/superscripts can flatten in plain text (for example beta_1^2); use the source PDF for typography.
779,β19 γ2 ; 2β2 β15/5,no,classical published computation; source marks unresolved/uncertain entries where ? occurs,"Ravenel 2026, Table A3.3 (5-primary stable homotopy excluding im J)",https://www.sas.rochester.edu/mth/sites/doug-ravenel/mybooks/ravenel.pdf,Subscripts/superscripts can flatten in plain text (for example beta_1^2); use the source PDF for typography.
780,5β18 γ2,no,classical published computation; source marks unresolved/uncertain entries where ? occurs,"Ravenel 2026, Table A3.3 (5-primary stable homotopy excluding im J)",https://www.sas.rochester.edu/mth/sites/doug-ravenel/mybooks/ravenel.pdf,Subscripts/superscripts can flatten in plain text (for example beta_1^2); use the source PDF for typography.
786,β1 β2 β14,no,classical published computation; source marks unresolved/uncertain entries where ? occurs,"Ravenel 2026, Table A3.3 (5-primary stable homotopy excluding im J)",https://www.sas.rochester.edu/mth/sites/doug-ravenel/mybooks/ravenel.pdf,Subscripts/superscripts can flatten in plain text (for example beta_1^2); use the source PDF for typography.
789,3β14 β13,no,classical published computation; source marks unresolved/uncertain entries where ? occurs,"Ravenel 2026, Table A3.3 (5-primary stable homotopy excluding im J)",https://www.sas.rochester.edu/mth/sites/doug-ravenel/mybooks/ravenel.pdf,Subscripts/superscripts can flatten in plain text (for example beta_1^2); use the source PDF for typography.
794,2β19 γ2,no,classical published computation; source marks unresolved/uncertain entries where ? occurs,"Ravenel 2026, Table A3.3 (5-primary stable homotopy excluding im J)",https://www.sas.rochester.edu/mth/sites/doug-ravenel/mybooks/ravenel.pdf,Subscripts/superscripts can flatten in plain text (for example beta_1^2); use the source PDF for typography.
796,β1 β16,no,classical published computation; source marks unresolved/uncertain entries where ? occurs,"Ravenel 2026, Table A3.3 (5-primary stable homotopy excluding im J)",https://www.sas.rochester.edu/mth/sites/doug-ravenel/mybooks/ravenel.pdf,Subscripts/superscripts can flatten in plain text (for example beta_1^2); use the source PDF for typography.
799,3β13 β14 ; β1 x761 ; ed),no,classical published computation; source marks unresolved/uncertain entries where ? occurs,"Ravenel 2026, Table A3.3 (5-primary stable homotopy excluding im J)",https://www.sas.rochester.edu/mth/sites/doug-ravenel/mybooks/ravenel.pdf,Subscripts/superscripts can flatten in plain text (for example beta_1^2); use the source PDF for typography.
800,β12 x724 ; β12 x′724,no,classical published computation; source marks unresolved/uncertain entries where ? occurs,"Ravenel 2026, Table A3.3 (5-primary stable homotopy excluding im J)",https://www.sas.rochester.edu/mth/sites/doug-ravenel/mybooks/ravenel.pdf,Subscripts/superscripts can flatten in plain text (for example beta_1^2); use the source PDF for typography.
803,3 5β18 γ2,no,classical published computation; source marks unresolved/uncertain entries where ? occurs,"Ravenel 2026, Table A3.3 (5-primary stable homotopy excluding im J)",https://www.sas.rochester.edu/mth/sites/doug-ravenel/mybooks/ravenel.pdf,Subscripts/superscripts can flatten in plain text (for example beta_1^2); use the source PDF for typography.
806,β17 ; α1 β1 x761,no,classical published computation; source marks unresolved/uncertain entries where ? occurs,"Ravenel 2026, Table A3.3 (5-primary stable homotopy excluding im J)",https://www.sas.rochester.edu/mth/sites/doug-ravenel/mybooks/ravenel.pdf,Subscripts/superscripts can flatten in plain text (for example beta_1^2); use the source PDF for typography.
807,α1 β12 x′724,no,classical published computation; source marks unresolved/uncertain entries where ? occurs,"Ravenel 2026, Table A3.3 (5-primary stable homotopy excluding im J)",https://www.sas.rochester.edu/mth/sites/doug-ravenel/mybooks/ravenel.pdf,Subscripts/superscripts can flatten in plain text (for example beta_1^2); use the source PDF for typography.
809,β1 x771,no,classical published computation; source marks unresolved/uncertain entries where ? occurs,"Ravenel 2026, Table A3.3 (5-primary stable homotopy excluding im J)",https://www.sas.rochester.edu/mth/sites/doug-ravenel/mybooks/ravenel.pdf,Subscripts/superscripts can flatten in plain text (for example beta_1^2); use the source PDF for typography.
810,"α1 b2,0 η7 = ⟨α1 , α1 , β1 β12 , β15 ⟩ = β2 x′724",no,classical published computation; source marks unresolved/uncertain entries where ? occurs,"Ravenel 2026, Table A3.3 (5-primary stable homotopy excluding im J)",https://www.sas.rochester.edu/mth/sites/doug-ravenel/mybooks/ravenel.pdf,Subscripts/superscripts can flatten in plain text (for example beta_1^2); use the source PDF for typography.
811,2β1 β16,no,classical published computation; source marks unresolved/uncertain entries where ? occurs,"Ravenel 2026, Table A3.3 (5-primary stable homotopy excluding im J)",https://www.sas.rochester.edu/mth/sites/doug-ravenel/mybooks/ravenel.pdf,Subscripts/superscripts can flatten in plain text (for example beta_1^2); use the source PDF for typography.
812,α1 η12 = β3 β15/5,no,classical published computation; source marks unresolved/uncertain entries where ? occurs,"Ravenel 2026, Table A3.3 (5-primary stable homotopy excluding im J)",https://www.sas.rochester.edu/mth/sites/doug-ravenel/mybooks/ravenel.pdf,Subscripts/superscripts can flatten in plain text (for example beta_1^2); use the source PDF for typography.
813,α1 β17,no,classical published computation; source marks unresolved/uncertain entries where ? occurs,"Ravenel 2026, Table A3.3 (5-primary stable homotopy excluding im J)",https://www.sas.rochester.edu/mth/sites/doug-ravenel/mybooks/ravenel.pdf,Subscripts/superscripts can flatten in plain text (for example beta_1^2); use the source PDF for typography.
814,β14 β14,no,classical published computation; source marks unresolved/uncertain entries where ? occurs,"Ravenel 2026, Table A3.3 (5-primary stable homotopy excluding im J)",https://www.sas.rochester.edu/mth/sites/doug-ravenel/mybooks/ravenel.pdf,Subscripts/superscripts can flatten in plain text (for example beta_1^2); use the source PDF for typography.
815,2β12 x724,no,classical published computation; source marks unresolved/uncertain entries where ? occurs,"Ravenel 2026, Table A3.3 (5-primary stable homotopy excluding im J)",https://www.sas.rochester.edu/mth/sites/doug-ravenel/mybooks/ravenel.pdf,Subscripts/superscripts can flatten in plain text (for example beta_1^2); use the source PDF for typography.
816,α1 β1 x771,no,classical published computation; source marks unresolved/uncertain entries where ? occurs,"Ravenel 2026, Table A3.3 (5-primary stable homotopy excluding im J)",https://www.sas.rochester.edu/mth/sites/doug-ravenel/mybooks/ravenel.pdf,Subscripts/superscripts can flatten in plain text (for example beta_1^2); use the source PDF for typography.
817,β110 γ2 ; 4β1 β2 β14,no,classical published computation; source marks unresolved/uncertain entries where ? occurs,"Ravenel 2026, Table A3.3 (5-primary stable homotopy excluding im J)",https://www.sas.rochester.edu/mth/sites/doug-ravenel/mybooks/ravenel.pdf,Subscripts/superscripts can flatten in plain text (for example beta_1^2); use the source PDF for typography.
818,β110 β10/5,no,classical published computation; source marks unresolved/uncertain entries where ? occurs,"Ravenel 2026, Table A3.3 (5-primary stable homotopy excluding im J)",https://www.sas.rochester.edu/mth/sites/doug-ravenel/mybooks/ravenel.pdf,Subscripts/superscripts can flatten in plain text (for example beta_1^2); use the source PDF for typography.
824,β12 β2 β14,no,classical published computation; source marks unresolved/uncertain entries where ? occurs,"Ravenel 2026, Table A3.3 (5-primary stable homotopy excluding im J)",https://www.sas.rochester.edu/mth/sites/doug-ravenel/mybooks/ravenel.pdf,Subscripts/superscripts can flatten in plain text (for example beta_1^2); use the source PDF for typography.
825,"α1 b1,1 b2,0 u3 = 2β2 x′724",no,classical published computation; source marks unresolved/uncertain entries where ? occurs,"Ravenel 2026, Table A3.3 (5-primary stable homotopy excluding im J)",https://www.sas.rochester.edu/mth/sites/doug-ravenel/mybooks/ravenel.pdf,Subscripts/superscripts can flatten in plain text (for example beta_1^2); use the source PDF for typography.
826,"b41,1 u4 = ⟨α1 , β15 , α1 β4 , β10/5 ⟩ = x826",no,classical published computation; source marks unresolved/uncertain entries where ? occurs,"Ravenel 2026, Table A3.3 (5-primary stable homotopy excluding im J)",https://www.sas.rochester.edu/mth/sites/doug-ravenel/mybooks/ravenel.pdf,Subscripts/superscripts can flatten in plain text (for example beta_1^2); use the source PDF for typography.
827,2β3 β15/5,no,classical published computation; source marks unresolved/uncertain entries where ? occurs,"Ravenel 2026, Table A3.3 (5-primary stable homotopy excluding im J)",https://www.sas.rochester.edu/mth/sites/doug-ravenel/mybooks/ravenel.pdf,Subscripts/superscripts can flatten in plain text (for example beta_1^2); use the source PDF for typography.
833,α1 x826,no,classical published computation; source marks unresolved/uncertain entries where ? occurs,"Ravenel 2026, Table A3.3 (5-primary stable homotopy excluding im J)",https://www.sas.rochester.edu/mth/sites/doug-ravenel/mybooks/ravenel.pdf,Subscripts/superscripts can flatten in plain text (for example beta_1^2); use the source PDF for typography.
834,"β12 β16 ; b21,1 β10/5",no,classical published computation; source marks unresolved/uncertain entries where ? occurs,"Ravenel 2026, Table A3.3 (5-primary stable homotopy excluding im J)",https://www.sas.rochester.edu/mth/sites/doug-ravenel/mybooks/ravenel.pdf,Subscripts/superscripts can flatten in plain text (for example beta_1^2); use the source PDF for typography.
837,3β14 β14 ; β12 x761,no,classical published computation; source marks unresolved/uncertain entries where ? occurs,"Ravenel 2026, Table A3.3 (5-primary stable homotopy excluding im J)",https://www.sas.rochester.edu/mth/sites/doug-ravenel/mybooks/ravenel.pdf,Subscripts/superscripts can flatten in plain text (for example beta_1^2); use the source PDF for typography.
838,β13 x724,no,classical published computation; source marks unresolved/uncertain entries where ? occurs,"Ravenel 2026, Table A3.3 (5-primary stable homotopy excluding im J)",https://www.sas.rochester.edu/mth/sites/doug-ravenel/mybooks/ravenel.pdf,Subscripts/superscripts can flatten in plain text (for example beta_1^2); use the source PDF for typography.
840,3β110 γ2 ; [detached superscript fragment: 2; inspect source PDF],no,classical published computation; source marks unresolved/uncertain entries where ? occurs,"Ravenel 2026, Table A3.3 (5-primary stable homotopy excluding im J)",https://www.sas.rochester.edu/mth/sites/doug-ravenel/mybooks/ravenel.pdf,Subscripts/superscripts can flatten in plain text (for example beta_1^2); use the source PDF for typography.
841,α1 x834 ; 3β 10 β10/5,no,classical published computation; source marks unresolved/uncertain entries where ? occurs,"Ravenel 2026, Table A3.3 (5-primary stable homotopy excluding im J)",https://www.sas.rochester.edu/mth/sites/doug-ravenel/mybooks/ravenel.pdf,Subscripts/superscripts can flatten in plain text (for example beta_1^2); use the source PDF for typography.
842,"b21,1 β10/4 = ⟨2β19 , β1 , β10/4 ⟩ = x842",no,classical published computation; source marks unresolved/uncertain entries where ? occurs,"Ravenel 2026, Table A3.3 (5-primary stable homotopy excluding im J)",https://www.sas.rochester.edu/mth/sites/doug-ravenel/mybooks/ravenel.pdf,Subscripts/superscripts can flatten in plain text (for example beta_1^2); use the source PDF for typography.
844,α1 β12 x761 ; β1 β17,no,classical published computation; source marks unresolved/uncertain entries where ? occurs,"Ravenel 2026, Table A3.3 (5-primary stable homotopy excluding im J)",https://www.sas.rochester.edu/mth/sites/doug-ravenel/mybooks/ravenel.pdf,Subscripts/superscripts can flatten in plain text (for example beta_1^2); use the source PDF for typography.
847,β12 x771,no,classical published computation; source marks unresolved/uncertain entries where ? occurs,"Ravenel 2026, Table A3.3 (5-primary stable homotopy excluding im J)",https://www.sas.rochester.edu/mth/sites/doug-ravenel/mybooks/ravenel.pdf,Subscripts/superscripts can flatten in plain text (for example beta_1^2); use the source PDF for typography.
849,2β12 β16,no,classical published computation; source marks unresolved/uncertain entries where ? occurs,"Ravenel 2026, Table A3.3 (5-primary stable homotopy excluding im J)",https://www.sas.rochester.edu/mth/sites/doug-ravenel/mybooks/ravenel.pdf,Subscripts/superscripts can flatten in plain text (for example beta_1^2); use the source PDF for typography.
850,β1 β3 β15/3,no,classical published computation; source marks unresolved/uncertain entries where ? occurs,"Ravenel 2026, Table A3.3 (5-primary stable homotopy excluding im J)",https://www.sas.rochester.edu/mth/sites/doug-ravenel/mybooks/ravenel.pdf,Subscripts/superscripts can flatten in plain text (for example beta_1^2); use the source PDF for typography.
853,2β13 x724,no,classical published computation; source marks unresolved/uncertain entries where ? occurs,"Ravenel 2026, Table A3.3 (5-primary stable homotopy excluding im J)",https://www.sas.rochester.edu/mth/sites/doug-ravenel/mybooks/ravenel.pdf,Subscripts/superscripts can flatten in plain text (for example beta_1^2); use the source PDF for typography.
854,β18 ; α1 β12 x771,no,classical published computation; source marks unresolved/uncertain entries where ? occurs,"Ravenel 2026, Table A3.3 (5-primary stable homotopy excluding im J)",https://www.sas.rochester.edu/mth/sites/doug-ravenel/mybooks/ravenel.pdf,Subscripts/superscripts can flatten in plain text (for example beta_1^2); use the source PDF for typography.
855,β111 γ2 ; 4β12 β2 β14,no,classical published computation; source marks unresolved/uncertain entries where ? occurs,"Ravenel 2026, Table A3.3 (5-primary stable homotopy excluding im J)",https://www.sas.rochester.edu/mth/sites/doug-ravenel/mybooks/ravenel.pdf,Subscripts/superscripts can flatten in plain text (for example beta_1^2); use the source PDF for typography.
856,β111 β10/5,no,classical published computation; source marks unresolved/uncertain entries where ? occurs,"Ravenel 2026, Table A3.3 (5-primary stable homotopy excluding im J)",https://www.sas.rochester.edu/mth/sites/doug-ravenel/mybooks/ravenel.pdf,Subscripts/superscripts can flatten in plain text (for example beta_1^2); use the source PDF for typography.
857,"α1 b22,0 β8 = x857",no,classical published computation; source marks unresolved/uncertain entries where ? occurs,"Ravenel 2026, Table A3.3 (5-primary stable homotopy excluding im J)",https://www.sas.rochester.edu/mth/sites/doug-ravenel/mybooks/ravenel.pdf,Subscripts/superscripts can flatten in plain text (for example beta_1^2); use the source PDF for typography.
860,α1 η13 = β4 β15/5,no,classical published computation; source marks unresolved/uncertain entries where ? occurs,"Ravenel 2026, Table A3.3 (5-primary stable homotopy excluding im J)",https://www.sas.rochester.edu/mth/sites/doug-ravenel/mybooks/ravenel.pdf,Subscripts/superscripts can flatten in plain text (for example beta_1^2); use the source PDF for typography.
861,α1 β18,no,classical published computation; source marks unresolved/uncertain entries where ? occurs,"Ravenel 2026, Table A3.3 (5-primary stable homotopy excluding im J)",https://www.sas.rochester.edu/mth/sites/doug-ravenel/mybooks/ravenel.pdf,Subscripts/superscripts can flatten in plain text (for example beta_1^2); use the source PDF for typography.
862,β13 β2 β14,no,classical published computation; source marks unresolved/uncertain entries where ? occurs,"Ravenel 2026, Table A3.3 (5-primary stable homotopy excluding im J)",https://www.sas.rochester.edu/mth/sites/doug-ravenel/mybooks/ravenel.pdf,Subscripts/superscripts can flatten in plain text (for example beta_1^2); use the source PDF for typography.
865,2β1 β2 β15/5,no,classical published computation; source marks unresolved/uncertain entries where ? occurs,"Ravenel 2026, Table A3.3 (5-primary stable homotopy excluding im J)",https://www.sas.rochester.edu/mth/sites/doug-ravenel/mybooks/ravenel.pdf,Subscripts/superscripts can flatten in plain text (for example beta_1^2); use the source PDF for typography.
867,3β1 β17,no,classical published computation; source marks unresolved/uncertain entries where ? occurs,"Ravenel 2026, Table A3.3 (5-primary stable homotopy excluding im J)",https://www.sas.rochester.edu/mth/sites/doug-ravenel/mybooks/ravenel.pdf,Subscripts/superscripts can flatten in plain text (for example beta_1^2); use the source PDF for typography.
868,"b1,1 u9 = x868",no,classical published computation; source marks unresolved/uncertain entries where ? occurs,"Ravenel 2026, Table A3.3 (5-primary stable homotopy excluding im J)",https://www.sas.rochester.edu/mth/sites/doug-ravenel/mybooks/ravenel.pdf,Subscripts/superscripts can flatten in plain text (for example beta_1^2); use the source PDF for typography.
872,β13 β16,no,classical published computation; source marks unresolved/uncertain entries where ? occurs,"Ravenel 2026, Table A3.3 (5-primary stable homotopy excluding im J)",https://www.sas.rochester.edu/mth/sites/doug-ravenel/mybooks/ravenel.pdf,Subscripts/superscripts can flatten in plain text (for example beta_1^2); use the source PDF for typography.
875,α1 x868 ; 2β4 β15/5 ; β13 x761 = β10/5 γ2 ; [detached superscript fragment: 2; inspect source PDF] ; β10/5 ; β14 x724,no,classical published computation; source marks unresolved/uncertain entries where ? occurs,"Ravenel 2026, Table A3.3 (5-primary stable homotopy excluding im J)",https://www.sas.rochester.edu/mth/sites/doug-ravenel/mybooks/ravenel.pdf,Subscripts/superscripts can flatten in plain text (for example beta_1^2); use the source PDF for typography.
878,3β111 γ2,no,classical published computation; source marks unresolved/uncertain entries where ? occurs,"Ravenel 2026, Table A3.3 (5-primary stable homotopy excluding im J)",https://www.sas.rochester.edu/mth/sites/doug-ravenel/mybooks/ravenel.pdf,Subscripts/superscripts can flatten in plain text (for example beta_1^2); use the source PDF for typography.
882,β12 β17,no,classical published computation; source marks unresolved/uncertain entries where ? occurs,"Ravenel 2026, Table A3.3 (5-primary stable homotopy excluding im J)",https://www.sas.rochester.edu/mth/sites/doug-ravenel/mybooks/ravenel.pdf,Subscripts/superscripts can flatten in plain text (for example beta_1^2); use the source PDF for typography.
883,α1 β10/5,no,classical published computation; source marks unresolved/uncertain entries where ? occurs,"Ravenel 2026, Table A3.3 (5-primary stable homotopy excluding im J)",https://www.sas.rochester.edu/mth/sites/doug-ravenel/mybooks/ravenel.pdf,Subscripts/superscripts can flatten in plain text (for example beta_1^2); use the source PDF for typography.
884,β5/4 β15/5 = β10/4 β10/5,no,classical published computation; source marks unresolved/uncertain entries where ? occurs,"Ravenel 2026, Table A3.3 (5-primary stable homotopy excluding im J)",https://www.sas.rochester.edu/mth/sites/doug-ravenel/mybooks/ravenel.pdf,Subscripts/superscripts can flatten in plain text (for example beta_1^2); use the source PDF for typography.
885,β13 x771,no,classical published computation; source marks unresolved/uncertain entries where ? occurs,"Ravenel 2026, Table A3.3 (5-primary stable homotopy excluding im J)",https://www.sas.rochester.edu/mth/sites/doug-ravenel/mybooks/ravenel.pdf,Subscripts/superscripts can flatten in plain text (for example beta_1^2); use the source PDF for typography.
887,4β111 β10/5,no,classical published computation; source marks unresolved/uncertain entries where ? occurs,"Ravenel 2026, Table A3.3 (5-primary stable homotopy excluding im J)",https://www.sas.rochester.edu/mth/sites/doug-ravenel/mybooks/ravenel.pdf,Subscripts/superscripts can flatten in plain text (for example beta_1^2); use the source PDF for typography.
890,"α1 b1,1 γ3 = ⟨α1 , α1 , β110 , β113 ⟩2β13 x761",no,classical published computation; source marks unresolved/uncertain entries where ? occurs,"Ravenel 2026, Table A3.3 (5-primary stable homotopy excluding im J)",https://www.sas.rochester.edu/mth/sites/doug-ravenel/mybooks/ravenel.pdf,Subscripts/superscripts can flatten in plain text (for example beta_1^2); use the source PDF for typography.
891,2β14 x724 ; α1 β5/4 β15/5,no,classical published computation; source marks unresolved/uncertain entries where ? occurs,"Ravenel 2026, Table A3.3 (5-primary stable homotopy excluding im J)",https://www.sas.rochester.edu/mth/sites/doug-ravenel/mybooks/ravenel.pdf,Subscripts/superscripts can flatten in plain text (for example beta_1^2); use the source PDF for typography.
892,β1 β18 ; α1 β13 x771 ; [detached superscript fragment: 2; inspect source PDF] ; β10/4 + β1 β18 = x892,no,classical published computation; source marks unresolved/uncertain entries where ? occurs,"Ravenel 2026, Table A3.3 (5-primary stable homotopy excluding im J)",https://www.sas.rochester.edu/mth/sites/doug-ravenel/mybooks/ravenel.pdf,Subscripts/superscripts can flatten in plain text (for example beta_1^2); use the source PDF for typography.
893,β112 γ2 ; 4β13 β2 β14,no,classical published computation; source marks unresolved/uncertain entries where ? occurs,"Ravenel 2026, Table A3.3 (5-primary stable homotopy excluding im J)",https://www.sas.rochester.edu/mth/sites/doug-ravenel/mybooks/ravenel.pdf,Subscripts/superscripts can flatten in plain text (for example beta_1^2); use the source PDF for typography.
894,β112 β10/5,no,classical published computation; source marks unresolved/uncertain entries where ? occurs,"Ravenel 2026, Table A3.3 (5-primary stable homotopy excluding im J)",https://www.sas.rochester.edu/mth/sites/doug-ravenel/mybooks/ravenel.pdf,Subscripts/superscripts can flatten in plain text (for example beta_1^2); use the source PDF for typography.
899,α1 β1 β18,no,classical published computation; source marks unresolved/uncertain entries where ? occurs,"Ravenel 2026, Table A3.3 (5-primary stable homotopy excluding im J)",https://www.sas.rochester.edu/mth/sites/doug-ravenel/mybooks/ravenel.pdf,Subscripts/superscripts can flatten in plain text (for example beta_1^2); use the source PDF for typography.
900,β14 β2 β14,no,classical published computation; source marks unresolved/uncertain entries where ? occurs,"Ravenel 2026, Table A3.3 (5-primary stable homotopy excluding im J)",https://www.sas.rochester.edu/mth/sites/doug-ravenel/mybooks/ravenel.pdf,Subscripts/superscripts can flatten in plain text (for example beta_1^2); use the source PDF for typography.
902,β19,no,classical published computation; source marks unresolved/uncertain entries where ? occurs,"Ravenel 2026, Table A3.3 (5-primary stable homotopy excluding im J)",https://www.sas.rochester.edu/mth/sites/doug-ravenel/mybooks/ravenel.pdf,Subscripts/superscripts can flatten in plain text (for example beta_1^2); use the source PDF for typography.
903,4β13 β16,no,classical published computation; source marks unresolved/uncertain entries where ? occurs,"Ravenel 2026, Table A3.3 (5-primary stable homotopy excluding im J)",https://www.sas.rochester.edu/mth/sites/doug-ravenel/mybooks/ravenel.pdf,Subscripts/superscripts can flatten in plain text (for example beta_1^2); use the source PDF for typography.
905,3β12 β17,no,classical published computation; source marks unresolved/uncertain entries where ? occurs,"Ravenel 2026, Table A3.3 (5-primary stable homotopy excluding im J)",https://www.sas.rochester.edu/mth/sites/doug-ravenel/mybooks/ravenel.pdf,Subscripts/superscripts can flatten in plain text (for example beta_1^2); use the source PDF for typography.
906,β1 x868,no,classical published computation; source marks unresolved/uncertain entries where ? occurs,"Ravenel 2026, Table A3.3 (5-primary stable homotopy excluding im J)",https://www.sas.rochester.edu/mth/sites/doug-ravenel/mybooks/ravenel.pdf,Subscripts/superscripts can flatten in plain text (for example beta_1^2); use the source PDF for typography.
907,2x892,no,classical published computation; source marks unresolved/uncertain entries where ? occurs,"Ravenel 2026, Table A3.3 (5-primary stable homotopy excluding im J)",https://www.sas.rochester.edu/mth/sites/doug-ravenel/mybooks/ravenel.pdf,Subscripts/superscripts can flatten in plain text (for example beta_1^2); use the source PDF for typography.
910,β14 β16,no,classical published computation; source marks unresolved/uncertain entries where ? occurs,"Ravenel 2026, Table A3.3 (5-primary stable homotopy excluding im J)",https://www.sas.rochester.edu/mth/sites/doug-ravenel/mybooks/ravenel.pdf,Subscripts/superscripts can flatten in plain text (for example beta_1^2); use the source PDF for typography.
913,α1 β1 x868 ; β14 x761,no,classical published computation; source marks unresolved/uncertain entries where ? occurs,"Ravenel 2026, Table A3.3 (5-primary stable homotopy excluding im J)",https://www.sas.rochester.edu/mth/sites/doug-ravenel/mybooks/ravenel.pdf,Subscripts/superscripts can flatten in plain text (for example beta_1^2); use the source PDF for typography.
914,β15 x724,no,classical published computation; source marks unresolved/uncertain entries where ? occurs,"Ravenel 2026, Table A3.3 (5-primary stable homotopy excluding im J)",https://www.sas.rochester.edu/mth/sites/doug-ravenel/mybooks/ravenel.pdf,Subscripts/superscripts can flatten in plain text (for example beta_1^2); use the source PDF for typography.
916,3β112 γ2,no,classical published computation; source marks unresolved/uncertain entries where ? occurs,"Ravenel 2026, Table A3.3 (5-primary stable homotopy excluding im J)",https://www.sas.rochester.edu/mth/sites/doug-ravenel/mybooks/ravenel.pdf,Subscripts/superscripts can flatten in plain text (for example beta_1^2); use the source PDF for typography.
917,2β19,no,classical published computation; source marks unresolved/uncertain entries where ? occurs,"Ravenel 2026, Table A3.3 (5-primary stable homotopy excluding im J)",https://www.sas.rochester.edu/mth/sites/doug-ravenel/mybooks/ravenel.pdf,Subscripts/superscripts can flatten in plain text (for example beta_1^2); use the source PDF for typography.
918,β20/5,no,classical published computation; source marks unresolved/uncertain entries where ? occurs,"Ravenel 2026, Table A3.3 (5-primary stable homotopy excluding im J)",https://www.sas.rochester.edu/mth/sites/doug-ravenel/mybooks/ravenel.pdf,Subscripts/superscripts can flatten in plain text (for example beta_1^2); use the source PDF for typography.
920,β13 β17,no,classical published computation; source marks unresolved/uncertain entries where ? occurs,"Ravenel 2026, Table A3.3 (5-primary stable homotopy excluding im J)",https://www.sas.rochester.edu/mth/sites/doug-ravenel/mybooks/ravenel.pdf,Subscripts/superscripts can flatten in plain text (for example beta_1^2); use the source PDF for typography.
923,β14 x771,no,classical published computation; source marks unresolved/uncertain entries where ? occurs,"Ravenel 2026, Table A3.3 (5-primary stable homotopy excluding im J)",https://www.sas.rochester.edu/mth/sites/doug-ravenel/mybooks/ravenel.pdf,Subscripts/superscripts can flatten in plain text (for example beta_1^2); use the source PDF for typography.
925,α1 β20/5 ; 4β112 β10/5,no,classical published computation; source marks unresolved/uncertain entries where ? occurs,"Ravenel 2026, Table A3.3 (5-primary stable homotopy excluding im J)",https://www.sas.rochester.edu/mth/sites/doug-ravenel/mybooks/ravenel.pdf,Subscripts/superscripts can flatten in plain text (for example beta_1^2); use the source PDF for typography.
926,β20/4,no,classical published computation; source marks unresolved/uncertain entries where ? occurs,"Ravenel 2026, Table A3.3 (5-primary stable homotopy excluding im J)",https://www.sas.rochester.edu/mth/sites/doug-ravenel/mybooks/ravenel.pdf,Subscripts/superscripts can flatten in plain text (for example beta_1^2); use the source PDF for typography.
928,2β14 x761,no,classical published computation; source marks unresolved/uncertain entries where ? occurs,"Ravenel 2026, Table A3.3 (5-primary stable homotopy excluding im J)",https://www.sas.rochester.edu/mth/sites/doug-ravenel/mybooks/ravenel.pdf,Subscripts/superscripts can flatten in plain text (for example beta_1^2); use the source PDF for typography.
930,α1 β14 x771 ; β12 β18,no,classical published computation; source marks unresolved/uncertain entries where ? occurs,"Ravenel 2026, Table A3.3 (5-primary stable homotopy excluding im J)",https://www.sas.rochester.edu/mth/sites/doug-ravenel/mybooks/ravenel.pdf,Subscripts/superscripts can flatten in plain text (for example beta_1^2); use the source PDF for typography.
931,β113 γ2 ; 4β14 β2 β14,no,classical published computation; source marks unresolved/uncertain entries where ? occurs,"Ravenel 2026, Table A3.3 (5-primary stable homotopy excluding im J)",https://www.sas.rochester.edu/mth/sites/doug-ravenel/mybooks/ravenel.pdf,Subscripts/superscripts can flatten in plain text (for example beta_1^2); use the source PDF for typography.
932,β113 β10/5 ?,yes,classical published computation; source marks unresolved/uncertain entries where ? occurs,"Ravenel 2026, Table A3.3 (5-primary stable homotopy excluding im J)",https://www.sas.rochester.edu/mth/sites/doug-ravenel/mybooks/ravenel.pdf,Subscripts/superscripts can flatten in plain text (for example beta_1^2); use the source PDF for typography.
933,γ4 ? ; α1 β20/4,yes,classical published computation; source marks unresolved/uncertain entries where ? occurs,"Ravenel 2026, Table A3.3 (5-primary stable homotopy excluding im J)",https://www.sas.rochester.edu/mth/sites/doug-ravenel/mybooks/ravenel.pdf,Subscripts/superscripts can flatten in plain text (for example beta_1^2); use the source PDF for typography.
934,β20/3,no,classical published computation; source marks unresolved/uncertain entries where ? occurs,"Ravenel 2026, Table A3.3 (5-primary stable homotopy excluding im J)",https://www.sas.rochester.edu/mth/sites/doug-ravenel/mybooks/ravenel.pdf,Subscripts/superscripts can flatten in plain text (for example beta_1^2); use the source PDF for typography.
937,3β15 x724,no,classical published computation; source marks unresolved/uncertain entries where ? occurs,"Ravenel 2026, Table A3.3 (5-primary stable homotopy excluding im J)",https://www.sas.rochester.edu/mth/sites/doug-ravenel/mybooks/ravenel.pdf,Subscripts/superscripts can flatten in plain text (for example beta_1^2); use the source PDF for typography.
940,α1 γ4 ; β1 β19,no,classical published computation; source marks unresolved/uncertain entries where ? occurs,"Ravenel 2026, Table A3.3 (5-primary stable homotopy excluding im J)",https://www.sas.rochester.edu/mth/sites/doug-ravenel/mybooks/ravenel.pdf,Subscripts/superscripts can flatten in plain text (for example beta_1^2); use the source PDF for typography.
941,α1 β20/3 ; 4β14 β16,no,classical published computation; source marks unresolved/uncertain entries where ? occurs,"Ravenel 2026, Table A3.3 (5-primary stable homotopy excluding im J)",https://www.sas.rochester.edu/mth/sites/doug-ravenel/mybooks/ravenel.pdf,Subscripts/superscripts can flatten in plain text (for example beta_1^2); use the source PDF for typography.
942,β20/2,no,classical published computation; source marks unresolved/uncertain entries where ? occurs,"Ravenel 2026, Table A3.3 (5-primary stable homotopy excluding im J)",https://www.sas.rochester.edu/mth/sites/doug-ravenel/mybooks/ravenel.pdf,Subscripts/superscripts can flatten in plain text (for example beta_1^2); use the source PDF for typography.
950,β20,no,classical published computation; source marks unresolved/uncertain entries where ? occurs,"Ravenel 2026, Table A3.3 (5-primary stable homotopy excluding im J)",https://www.sas.rochester.edu/mth/sites/doug-ravenel/mybooks/ravenel.pdf,Subscripts/superscripts can flatten in plain text (for example beta_1^2); use the source PDF for typography.
951,β15 x761 ; 4β13 β17,no,classical published computation; source marks unresolved/uncertain entries where ? occurs,"Ravenel 2026, Table A3.3 (5-primary stable homotopy excluding im J)",https://www.sas.rochester.edu/mth/sites/doug-ravenel/mybooks/ravenel.pdf,Subscripts/superscripts can flatten in plain text (for example beta_1^2); use the source PDF for typography.
952,"β16 x724 ; b2,0 η1 γ2",no,classical published computation; source marks unresolved/uncertain entries where ? occurs,"Ravenel 2026, Table A3.3 (5-primary stable homotopy excluding im J)",https://www.sas.rochester.edu/mth/sites/doug-ravenel/mybooks/ravenel.pdf,Subscripts/superscripts can flatten in plain text (for example beta_1^2); use the source PDF for typography.
953,3β12 β18,no,classical published computation; source marks unresolved/uncertain entries where ? occurs,"Ravenel 2026, Table A3.3 (5-primary stable homotopy excluding im J)",https://www.sas.rochester.edu/mth/sites/doug-ravenel/mybooks/ravenel.pdf,Subscripts/superscripts can flatten in plain text (for example beta_1^2); use the source PDF for typography.
954,3β113 γ2 ; 3 4β14 β2 β14 +,no,classical published computation; source marks unresolved/uncertain entries where ? occurs,"Ravenel 2026, Table A3.3 (5-primary stable homotopy excluding im J)",https://www.sas.rochester.edu/mth/sites/doug-ravenel/mybooks/ravenel.pdf,Subscripts/superscripts can flatten in plain text (for example beta_1^2); use the source PDF for typography.
955,2β1 β19 ; Homotopy (continued),no,classical published computation; source marks unresolved/uncertain entries where ? occurs,"Ravenel 2026, Table A3.3 (5-primary stable homotopy excluding im J)",https://www.sas.rochester.edu/mth/sites/doug-ravenel/mybooks/ravenel.pdf,Subscripts/superscripts can flatten in plain text (for example beta_1^2); use the source PDF for typography.
956,β1 β20/5,no,classical published computation; source marks unresolved/uncertain entries where ? occurs,"Ravenel 2026, Table A3.3 (5-primary stable homotopy excluding im J)",https://www.sas.rochester.edu/mth/sites/doug-ravenel/mybooks/ravenel.pdf,Subscripts/superscripts can flatten in plain text (for example beta_1^2); use the source PDF for typography.
957,2β20/2 ; α1 β20 = 5(2β20/2 ),no,classical published computation; source marks unresolved/uncertain entries where ? occurs,"Ravenel 2026, Table A3.3 (5-primary stable homotopy excluding im J)",https://www.sas.rochester.edu/mth/sites/doug-ravenel/mybooks/ravenel.pdf,Subscripts/superscripts can flatten in plain text (for example beta_1^2); use the source PDF for typography.
958,β14 β17,no,classical published computation; source marks unresolved/uncertain entries where ? occurs,"Ravenel 2026, Table A3.3 (5-primary stable homotopy excluding im J)",https://www.sas.rochester.edu/mth/sites/doug-ravenel/mybooks/ravenel.pdf,Subscripts/superscripts can flatten in plain text (for example beta_1^2); use the source PDF for typography.
959,α1 x952,no,classical published computation; source marks unresolved/uncertain entries where ? occurs,"Ravenel 2026, Table A3.3 (5-primary stable homotopy excluding im J)",https://www.sas.rochester.edu/mth/sites/doug-ravenel/mybooks/ravenel.pdf,Subscripts/superscripts can flatten in plain text (for example beta_1^2); use the source PDF for typography.
963,α1 β1 β20/5 ; 4β113 β10/5,no,classical published computation; source marks unresolved/uncertain entries where ? occurs,"Ravenel 2026, Table A3.3 (5-primary stable homotopy excluding im J)",https://www.sas.rochester.edu/mth/sites/doug-ravenel/mybooks/ravenel.pdf,Subscripts/superscripts can flatten in plain text (for example beta_1^2); use the source PDF for typography.
964,"α1 h2,0 u14 = 3 4β14 β16 = x964",no,classical published computation; source marks unresolved/uncertain entries where ? occurs,"Ravenel 2026, Table A3.3 (5-primary stable homotopy excluding im J)",https://www.sas.rochester.edu/mth/sites/doug-ravenel/mybooks/ravenel.pdf,Subscripts/superscripts can flatten in plain text (for example beta_1^2); use the source PDF for typography.
966,2β15 x761,no,classical published computation; source marks unresolved/uncertain entries where ? occurs,"Ravenel 2026, Table A3.3 (5-primary stable homotopy excluding im J)",https://www.sas.rochester.edu/mth/sites/doug-ravenel/mybooks/ravenel.pdf,Subscripts/superscripts can flatten in plain text (for example beta_1^2); use the source PDF for typography.
968,β13 β18,no,classical published computation; source marks unresolved/uncertain entries where ? occurs,"Ravenel 2026, Table A3.3 (5-primary stable homotopy excluding im J)",https://www.sas.rochester.edu/mth/sites/doug-ravenel/mybooks/ravenel.pdf,Subscripts/superscripts can flatten in plain text (for example beta_1^2); use the source PDF for typography.
969,β114 γ2 ; 2x954,no,classical published computation; source marks unresolved/uncertain entries where ? occurs,"Ravenel 2026, Table A3.3 (5-primary stable homotopy excluding im J)",https://www.sas.rochester.edu/mth/sites/doug-ravenel/mybooks/ravenel.pdf,Subscripts/superscripts can flatten in plain text (for example beta_1^2); use the source PDF for typography.
970,β114 β10/5 ?,yes,classical published computation; source marks unresolved/uncertain entries where ? occurs,"Ravenel 2026, Table A3.3 (5-primary stable homotopy excluding im J)",https://www.sas.rochester.edu/mth/sites/doug-ravenel/mybooks/ravenel.pdf,Subscripts/superscripts can flatten in plain text (for example beta_1^2); use the source PDF for typography.
971,β1 γ4 ?,yes,classical published computation; source marks unresolved/uncertain entries where ? occurs,"Ravenel 2026, Table A3.3 (5-primary stable homotopy excluding im J)",https://www.sas.rochester.edu/mth/sites/doug-ravenel/mybooks/ravenel.pdf,Subscripts/superscripts can flatten in plain text (for example beta_1^2); use the source PDF for typography.
972,5γ4,no,classical published computation; source marks unresolved/uncertain entries where ? occurs,"Ravenel 2026, Table A3.3 (5-primary stable homotopy excluding im J)",https://www.sas.rochester.edu/mth/sites/doug-ravenel/mybooks/ravenel.pdf,Subscripts/superscripts can flatten in plain text (for example beta_1^2); use the source PDF for typography.
975,3β15 x724,no,classical published computation; source marks unresolved/uncertain entries where ? occurs,"Ravenel 2026, Table A3.3 (5-primary stable homotopy excluding im J)",https://www.sas.rochester.edu/mth/sites/doug-ravenel/mybooks/ravenel.pdf,Subscripts/superscripts can flatten in plain text (for example beta_1^2); use the source PDF for typography.
978,α 1 β1 γ 4 ; β12 β19,no,classical published computation; source marks unresolved/uncertain entries where ? occurs,"Ravenel 2026, Table A3.3 (5-primary stable homotopy excluding im J)",https://www.sas.rochester.edu/mth/sites/doug-ravenel/mybooks/ravenel.pdf,Subscripts/superscripts can flatten in plain text (for example beta_1^2); use the source PDF for typography.
979,2x964,no,classical published computation; source marks unresolved/uncertain entries where ? occurs,"Ravenel 2026, Table A3.3 (5-primary stable homotopy excluding im J)",https://www.sas.rochester.edu/mth/sites/doug-ravenel/mybooks/ravenel.pdf,Subscripts/superscripts can flatten in plain text (for example beta_1^2); use the source PDF for typography.
987,2 · 5γ4,no,classical published computation; source marks unresolved/uncertain entries where ? occurs,"Ravenel 2026, Table A3.3 (5-primary stable homotopy excluding im J)",https://www.sas.rochester.edu/mth/sites/doug-ravenel/mybooks/ravenel.pdf,Subscripts/superscripts can flatten in plain text (for example beta_1^2); use the source PDF for typography.
988,β2 β19,no,classical published computation; source marks unresolved/uncertain entries where ? occurs,"Ravenel 2026, Table A3.3 (5-primary stable homotopy excluding im J)",https://www.sas.rochester.edu/mth/sites/doug-ravenel/mybooks/ravenel.pdf,Subscripts/superscripts can flatten in plain text (for example beta_1^2); use the source PDF for typography.
989,β16 x761 ; 4β14 β17,no,classical published computation; source marks unresolved/uncertain entries where ? occurs,"Ravenel 2026, Table A3.3 (5-primary stable homotopy excluding im J)",https://www.sas.rochester.edu/mth/sites/doug-ravenel/mybooks/ravenel.pdf,Subscripts/superscripts can flatten in plain text (for example beta_1^2); use the source PDF for typography.
990,β17 x724 ; [detached superscript fragment: 5; inspect source PDF] ; β1 x952 = β5/5,no,classical published computation; source marks unresolved/uncertain entries where ? occurs,"Ravenel 2026, Table A3.3 (5-primary stable homotopy excluding im J)",https://www.sas.rochester.edu/mth/sites/doug-ravenel/mybooks/ravenel.pdf,Subscripts/superscripts can flatten in plain text (for example beta_1^2); use the source PDF for typography.
992,3β114 γ2,no,classical published computation; source marks unresolved/uncertain entries where ? occurs,"Ravenel 2026, Table A3.3 (5-primary stable homotopy excluding im J)",https://www.sas.rochester.edu/mth/sites/doug-ravenel/mybooks/ravenel.pdf,Subscripts/superscripts can flatten in plain text (for example beta_1^2); use the source PDF for typography.
998,β21,no,classical published computation; source marks unresolved/uncertain entries where ? occurs,"Ravenel 2026, Table A3.3 (5-primary stable homotopy excluding im J)",https://www.sas.rochester.edu/mth/sites/doug-ravenel/mybooks/ravenel.pdf,Subscripts/superscripts can flatten in plain text (for example beta_1^2); use the source PDF for typography.
999,"b22,0 β2 γ2 = ⟨β1 β2 , γ1 , γ2 ⟩ =: x999",no,classical published computation; source marks unresolved/uncertain entries where ? occurs,"Ravenel 2026, Table A3.3 (5-primary stable homotopy excluding im J)",https://www.sas.rochester.edu/mth/sites/doug-ravenel/mybooks/ravenel.pdf,Subscripts/superscripts can flatten in plain text (for example beta_1^2); use the source PDF for typography.
